0,0.252356718116575
0.0005,-1.63872108555938
0.001,3.04110003347929
0.0015,-0.861226861793387
0.002,1.74122665966981
0.0025,3.46266034406456
0.003,0.219676715241137
0.0035,-1.18062258821533
0.004,-0.586709732310534
0.0045,-4.80864454983352
0.005,-1.846735729536
0.0055,0.194121348103143
0.006,0.29637097418666
0.0065,1.84011138541039
0.007,0.838964929413425
0.0075,-0.66372916734483
0.008,-1.34046168656954
0.0085,2.78583597828522
0.009,0.525061323143111
0.0095,0.538518696187657
0.01,-0.291056675947439
0.0105,-0.298963550176616
0.011,1.35154244161248
0.0115,-3.46204317929284
0.012,1.34981208922469
0.0125,2.0459246223462
0.013,0.947593325890223
0.0135,1.09478782973861
0.014,-1.85382539842849
0.0145,-2.79649574628116
0.015,-1.89498681297148
0.0155,-4.55423800303167
0.016,-0.673064745359068
0.0165,-2.29461695830003
0.017,0.784561477255852
0.0175,1.14944104675056
0.018,-0.7640839987353
0.0185,2.84692553710208
0.019,0.617657329016742
0.0195,-1.21806817277745
0.02,-4.42816119977841
0.0205,0.8019670323928
0.021,-1.92793944544148
0.0215,-2.1400527596691
0.022,-1.94157523244545
0.0225,2.07663199143869
0.023,0.911364354859015
0.0235,0.34972673479759
0.024,-2.43203917118659
0.0245,-0.139704989436964
0.025,-2.72908369710599
0.0255,-1.48324703854513
0.026,-0.402650993669373
0.0265,0.0205954277059126
0.027,-1.5926882182805
0.0275,-2.80440147513417
0.028,2.67939223729878
0.0285,1.04093313256524
0.029,-2.09013554614573
0.0295,-0.647072580747029
0.03,-2.65957720374942
0.0305,-2.4234734759258
0.031,-2.69710017247112
0.0315,-1.61324131776976
0.032,1.3481101069559
0.0325,-1.65627882084639
0.033,-2.4023246373255
0.0335,1.89661941186358
0.034,1.35047711861166
0.0345,6.77353737409779
0.035,3.96331569674307
0.0355,1.70877545346503
0.036,1.66552399726423
0.0365,0.630137754338666
0.037,-0.73960431351417
0.0375,-0.977187046581484
0.038,-1.20717445913674
0.0385,-1.80821242318368
0.039,1.69850998379579
0.0395,-2.70158325321511
0.04,-0.850866575863824
0.0405,-0.289128167214619
0.041,-2.41637505801511
0.0415,0.524803074274338
0.042,-2.62784965495059
0.0425,-0.506569600458991
0.043,-4.11434110687713
0.0435,3.14465683127447
0.044,-0.532075063942933
0.0445,1.08415113341332
0.045,0.192595174690238
0.0455,-0.716338812458006
0.046,0.157766544568624
0.0465,4.3660790199278
0.047,1.94519919141997
0.0475,0.0121933086402851
0.048,2.3790445633309
0.0485,1.80286230809907
0.049,0.493535046575546
0.0495,0.903955469687827
0.05,0.584263390307225
0.0505,-0.860107832755606
0.051,-1.37884042942487
0.0515,2.97195117597551
0.052,1.14158165450019
0.0525,-1.01309386986579
0.053,-0.605559994129588
0.0535,-2.14440097439428
0.054,1.79395418600524
0.0545,-0.466024295309514
0.055,-4.98438759499897
0.0555,-0.994868636661664
0.056,-1.40735138761076
0.0565,3.36902733758766
0.057,3.18181609439114
0.0575,-3.77180483848851
0.058,-2.80140108893313
0.0585,-1.10371331920186
0.059,-0.473017245517708
0.0595,1.58077833863065
0.06,-0.317977931425698
0.0605,0.86752568430231
0.061,-0.869866763483201
0.0615,-1.17795483546038
0.062,0.717659643183787
0.0625,-1.00168742219874
0.063,1.44166693643771
0.0635,1.80217914950236
0.064,-0.32074068138608
0.0645,-0.253325957085134
0.065,-0.75156694793069
0.0655,-0.406197098743444
0.066,2.16293668889189
0.0665,1.46274435187893
0.067,3.41828124981401
0.0675,0.644174358144046
0.068,0.200285747676336
0.0685,-0.164297537141807
0.069,0.217178037638571
0.0695,-0.0175865483464461
0.07,-0.0669504747171051
0.0705,-0.768465858349921
0.071,-3.19987874629788
0.0715,-0.433472785246707
0.072,0.299342567932719
0.0725,-0.484445396033172
0.073,-3.17002449004377
0.0735,3.18999762668208
0.074,-3.67342741561226
0.0745,-2.71021973079785
0.075,-1.20700402364425
0.0755,-1.22367431050073
0.076,-0.549583787721683
0.0765,1.11009227162531
0.077,-3.16819394777519
0.0775,2.13710414437488
0.078,2.2861835359371
0.0785,1.58524006535029
0.079,2.02633024023465
0.0795,0.157220029202282
0.08,0.748544683660718
0.0805,-0.152798353862936
0.081,0.969288132408643
0.0815,2.96117873239272
0.082,-2.29018821217767
0.0825,-1.06297564483803
0.083,3.67324773945463
0.0835,4.47143941968864
0.084,4.72518307827312
0.0845,-1.67431040210745
0.085,-0.807184494203011
0.0855,0.735623572466828
0.086,-3.25357234330172
0.0865,-2.54320787688228
0.087,-3.48288014981067
0.0875,-1.61669261633137
0.088,-3.74081299815841
0.0885,-0.0903974764730369
0.089,1.22343727038674
0.0895,1.27860552078882
0.09,2.84466232207493
0.0905,-0.819371527451358
0.091,0.29113218727587
0.0915,-0.987037187976171
0.092,3.28265310638465
0.0925,-0.519487948908281
0.093,1.64425160658555
0.0935,1.78216070445386
0.094,-0.645470196002439
0.0945,-0.184231673149384
0.095,0.162581533104634
0.0955,-0.90159141179806
0.096,0.212765230860783
0.0965,2.12851558041205
0.097,1.5794599928519
0.0975,2.01646209203909
0.098,-0.304968403423363
0.0985,-0.811579371211532
0.099,-1.64864798032113
0.0995,-0.418415519766526
0.1,2.79616918498746
0.1005,-0.00624629177165298
0.101,0.511401956717043
0.1015,-0.0423164199288508
0.102,-2.71795339891532
0.1025,2.90510468518804
0.103,-1.22371241497045
0.1035,-1.74393225457035
0.104,-1.63771250194524
0.1045,-3.40781783937943
0.105,-4.50914041049673
0.1055,0.893488481766951
0.106,1.52975021857739
0.1065,1.96818155615666
0.107,0.641246693778699
0.1075,-1.09223184648858
0.108,0.987625466021313
0.1085,-3.19489395841451
0.109,0.116862922440329
0.1095,0.311384521589356
0.11,-5.32799370077856
0.1105,-3.44232042529398
0.111,-0.133653030132369
0.1115,-3.06865530604195
0.112,0.99948730371316
0.1125,2.16308933154604
0.113,1.99442561224282
0.1135,1.96366407077618
0.114,3.93856159794578
0.1145,2.49845303013258
0.115,1.90780925906953
0.1155,-1.45052245280763
0.116,1.8757298042784
0.1165,-2.34260563120166
0.117,1.55232243363694
0.1175,-1.20231867628444
0.118,4.21989794370487
0.1185,1.05722266439481
0.119,-0.407417825324299
0.1195,-1.35295874768979
0.12,-2.31536772556706
0.1205,-5.19752882066374
0.121,-0.0620750086520243
0.1215,-1.58243233759186
0.122,-1.35933962695925
0.1225,1.23259867453316
0.123,-4.83080184052494
0.1235,0.0876015777345078
0.124,0.243043381465384
0.1245,-0.228308676623582
0.125,-1.05608074836059
0.1255,4.37121959728786
0.126,-0.849322008209937
0.1265,-0.467657057506667
0.127,1.43689901703256
0.1275,-0.323302790179454
0.128,2.89355376768376
0.1285,2.1046043452049
0.129,1.22869976779446
0.1295,-0.388314009244011
0.13,-2.40757736967786
0.1305,1.0387698556251
0.131,-0.603846490397976
0.1315,0.883168050410347
0.132,-0.804868014689349
0.1325,-1.2646093652435
0.133,-2.3948776257913
0.1335,1.07137614573108
0.134,-4.00351767096372
0.1345,0.771901952830397
0.135,2.3889942095309
0.1355,1.40005177937507
0.136,-3.35844129273179
0.1365,-2.2490076247351
0.137,-2.4737943446506
0.1375,-0.748518195512659
0.138,-2.96568024836891
0.1385,1.26532266671315
0.139,-1.62336751991309
0.1395,2.36949683041039
0.14,2.41798115593052
0.1405,1.48624256691539
0.141,-0.00221326284668599
0.1415,-0.966965202525871
0.142,0.631404674952841
0.1425,1.07696030663082
0.143,-0.493057941233426
0.1435,-0.162872279044182
0.144,-0.00380477374365589
0.1445,0.238074949328204
0.145,1.05683401392944
0.1455,-2.61691084705411
0.146,0.241821342516008
0.1465,-1.22655231050313
0.147,0.796787888038932
0.1475,-2.27384740445857
0.148,0.0897674628868006
0.1485,-0.527895776051633
0.149,3.44752974869037
0.1495,-1.51912677369669
0.15,2.40974336063288
0.1505,1.2695592177739
0.151,-3.32793175644941
0.1515,-1.4558658684853
0.152,-1.29773693787482
0.1525,-1.10351980520289
0.153,1.02718472664713
0.1535,-0.939356992778049
0.154,-1.94817150763224
0.1545,-1.61136466061344
0.155,0.167950569286578
0.1555,0.151929018684347
0.156,-0.0749334539705753
0.1565,2.03217571908167
0.157,1.99714568621816
0.1575,1.02809468527689
0.158,1.31918163493781
0.1585,-0.261120548116032
0.159,0.0379456195686679
0.1595,-1.45790573313934
0.16,-0.155057536204892
0.1605,-0.23635753633933
0.161,0.84811172050951
0.1615,2.86059565961103
0.162,1.5966442408869
0.1625,3.95090561234729
0.163,2.54335288416666
0.1635,1.32374786795919
0.164,0.129455356370669
0.1645,-2.6216588376032
0.165,0.223808852681296
0.1655,-5.12351719355063
0.166,-0.0225429503247701
0.1665,-2.45402149596705
0.167,-1.20189381506071
0.1675,0.366798795202443
0.168,0.453663493812538
0.1685,-0.883005932731341
0.169,1.78420321588052
0.1695,2.30996727353935
0.17,-2.43927474334173
0.1705,0.0981188791105096
0.171,0.474347883276867
0.1715,-0.115862725946735
0.172,0.835024534267409
0.1725,1.4373797205158
0.173,-0.555145947832395
0.1735,3.18163914817976
0.174,-0.552924102203439
0.1745,3.07978787914794
0.175,2.33761040437712
0.1755,-1.08798868453119
0.176,1.17095159726739
0.1765,2.91455675026046
0.177,-1.60628394301518
0.1775,0.399344436171514
0.178,-0.441412359515476
0.1785,-1.35896091943137
0.179,-0.322201273246248
0.1795,1.98875514290537
0.18,-1.42981499765976
0.1805,-1.1015136538187
0.181,-4.32922313998891
0.1815,-2.54711574531668
0.182,3.25874311944319
0.1825,-0.235628327629879
0.183,-0.631823004632282
0.1835,0.926188409793493
0.184,1.85688820592865
0.1845,0.776158387875103
0.185,2.91766762960764
0.1855,1.45180637322439
0.186,3.31192930470478
0.1865,-0.370859278377325
0.187,-1.58707179400262
0.1875,1.52770424086443
0.188,-1.81238285649523
0.1885,-1.81402786745635
0.189,2.56881777909591
0.1895,0.354511940043851
0.19,1.30289986356198
0.1905,-0.0941343878980268
0.191,1.69736599273489
0.1915,-0.315835729468163
0.192,-4.39632590072951
0.1925,-2.41124991014827
0.193,-2.00028297062683
0.1935,-2.41562261738022
0.194,2.30874006612544
0.1945,-1.63604819430087
0.195,-0.28321400873678
0.1955,-2.77993537713228
0.196,0.0754566605985025
0.1965,-0.865633464144711
0.197,0.680896460460611
0.1975,-2.29178226208068
0.198,1.91459769472539
0.1985,-3.38847905446638
0.199,-2.24865127168951
0.1995,-2.47654808338367
0.2,-2.5905466990196
0.2005,-0.300318421611235
0.201,2.26927879440742
0.2015,-0.0776378458550642
0.202,3.74197120546437
0.2025,-1.15399482375658
0.203,3.38514159231622
0.2035,-0.0976751842607693
0.204,-2.87809027635985
0.2045,-2.78318941579609
0.205,1.43484687461396
0.2055,-1.1390490978149
0.206,-0.446710527595402
0.2065,-1.01006106928957
0.207,2.97774880562851
0.2075,0.430873834356946
0.208,-2.87153936653311
0.2085,-0.397123000722214
0.209,-0.891847337334858
0.2095,-2.74178627643468
0.21,1.70060299594023
0.2105,-3.206561802538
0.211,-0.320078409232835
0.2115,0.93302613172933
0.212,-0.215299776243153
0.2125,-3.14698140206788
0.213,0.788366427419806
0.2135,-1.2461081822639
0.214,-2.60839401133876
0.2145,0.18955753633378
0.215,-4.1489687700432
0.2155,0.797194579328608
0.216,1.94372160511696
0.2165,-1.85629987257452
0.217,1.81777135373049
0.2175,-1.74349559315664
0.218,1.81822531988053
0.2185,3.08386379975486
0.219,0.0739642001430165
0.2195,-0.897579235994046
0.22,-0.998265821582646
0.2205,-3.74782272196375
0.221,-3.96010776616253
0.2215,3.49454377332049
0.222,-2.57126636903619
0.2225,2.06657234365586
0.223,-2.29910332538888
0.2235,2.23542322177079
0.224,3.31469240316869
0.2245,0.259004121287024
0.225,-0.569748857422691
0.2255,-2.47295239445982
0.226,1.08328838659746
0.2265,-0.222028729190569
0.227,0.805099351404203
0.2275,1.6600133488782
0.228,2.4078032863266
0.2285,1.38117013476569
0.229,1.45176959702362
0.2295,1.17254004893048
0.23,4.1617032147594
0.2305,-0.204724038045646
0.231,1.28195884155449
0.2315,-0.458800251648712
0.232,1.62721450007687
0.2325,0.228974527484534
0.233,0.641991306245752
0.2335,1.89819153217493
0.234,-2.06168453139114
0.2345,2.09169372486572
0.235,2.58013067512835
0.2355,-1.28160126411036
0.236,1.88731595519781
0.2365,-0.056903406971242
0.237,-4.62655638115081
0.2375,0.853383771210941
0.238,1.01577600701965
0.2385,-2.85692047993466
0.239,0.320916182872891
0.2395,1.07313139144455
0.24,1.41875128426245
0.2405,2.10583883569824
0.241,1.08296044594331
0.2415,-1.12337220188714
0.242,-1.64549920744918
0.2425,2.20354845685272
0.243,-3.03226362409662
0.2435,-2.79208156846913
0.244,-2.13746532283941
0.2445,-5.28072863397424
0.245,0.907890605835619
0.2455,-0.603948913286319
0.246,1.45030833548865
0.2465,-0.575540681055176
0.247,2.04696975807361
0.2475,-0.694462252435986
0.248,-0.271431766404437
0.2485,0.432060045173342
0.249,0.244972249472956
0.2495,-0.143394432145888
0.25,0.777951744091397
0.2505,0.727027931322875
0.251,-0.0466295974426314
0.2515,2.99393584457209
0.252,1.1628448659169
0.2525,2.77062329592153
0.253,-1.02040003021046
0.2535,-1.01581664277315
0.254,-1.65552618576652
0.2545,0.0259694014524274
0.255,1.13324945637606
0.2555,0.522484822335443
0.256,0.904174472899295
0.2565,-1.92525113634652
0.257,-4.07743841219995
0.2575,0.692311983743616
0.258,1.21525254607732
0.2585,0.832738314537644
0.259,-3.10704551034043
0.2595,-3.18495141154923
0.26,-2.19967807046545
0.2605,0.270406117577433
0.261,-0.248438489087572
0.2615,-2.5577800354892
0.262,2.04025914109133
0.2625,2.41267648756794
0.263,5.58128312518908
0.2635,-1.1703861371066
0.264,1.65814514232612
0.2645,-0.551357032660135
0.265,-2.65677842439031
0.2655,1.09830515915016
0.266,0.272872816264223
0.2665,-0.816913668616907
0.267,-0.0619266640998065
0.2675,-0.437380713792301
0.268,-1.64899944495866
0.2685,2.37750915056598
0.269,4.60617919952995
0.2695,-1.50027537297228
0.27,0.36688180488566
0.2705,-2.4935112623666
0.271,-0.178918029455525
0.2715,-1.62967446623383
0.272,1.4306057320207
0.2725,-0.121546900934608
0.273,-0.400437656682347
0.2735,0.246711162372475
0.274,1.92680007734502
0.2745,3.57842114822022
0.275,-0.368073636923373
0.2755,-2.53676822329811
0.276,-2.45412203666091
0.2765,0.503142812575809
0.277,-3.68073592568588
0.2775,-0.198335819529027
0.278,-0.378384803287299
0.2785,-0.0377857836978455
0.279,4.62154082967686
0.2795,-0.447403205569713
0.28,-1.87969325605509
0.2805,2.57830800465493
0.281,-0.622111667223018
0.2815,-2.39313823618367
0.282,0.513525462511486
0.2825,1.89302084525126
0.283,1.52822561782607
0.2835,-0.503613594456509
0.284,1.34936478072268
0.2845,2.68251176610548
0.285,-0.188865571563019
0.2855,-0.778646646274797
0.286,0.808398138201201
0.2865,-0.945877113281687
0.287,-3.59185731085225
0.2875,-2.97212389708637
0.288,1.40802964603717
0.2885,-0.77214506975199
0.289,-0.895397059776378
0.2895,-2.80889075846688
0.29,-1.48751931192106
0.2905,-2.6932085143429
0.291,-1.37926753142896
0.2915,0.946611031897462
0.292,0.92975030957162
0.2925,3.60812978155981
0.293,1.64701734482294
0.2935,0.327067751964561
0.294,1.52340626584477
0.2945,3.13878883250177
0.295,1.57480767257436
0.2955,3.66460177847896
0.296,1.04805312137272
0.2965,2.70246009378323
0.297,-1.2858509123359
0.2975,0.344927425396482
0.298,0.100987986197691
0.2985,-1.61740898093637
0.299,1.68933532490075
0.2995,0.0458754636011521
0.3,0.398021218133032
0.3005,1.09383602620276
0.301,-3.39238524469171
0.3015,0.423104193866602
0.302,-3.35420802850053
0.3025,6.80329100751492
0.303,-3.01416685682174
0.3035,1.12251108856218
0.304,-3.82063877644683
0.3045,-1.60067425047422
0.305,-0.0928512112382311
0.3055,-1.93537024627125
0.306,0.429532857450304
0.3065,1.77654808434805
0.307,0.175492290997328
0.3075,-2.34898427182322
0.308,0.644332920627341
0.3085,2.92397428851883
0.309,-0.686350104451506
0.3095,2.61699945523765
0.31,1.26684740916695
0.3105,1.79842719676527
0.311,3.11295828076827
0.3115,0.266975464286243
0.312,-1.58185194250785
0.3125,2.44517374720156
0.313,1.33567213505573
0.3135,-1.28051019859509
0.314,-2.53660875865608
0.3145,1.15170306116947
0.315,1.93411379648333
0.3155,2.05085256083174
0.316,2.26497223641
0.3165,-1.41237456295999
0.317,1.00666419195104
0.3175,0.995513141425459
0.318,0.497154840458779
0.3185,1.32863720836393
0.319,0.0748683941521988
0.3195,-1.9784264465373
0.32,1.25166941056069
0.3205,-1.27656408088196
0.321,-1.92870735537132
0.3215,-0.762566867650283
0.322,-1.37873210672298
0.3225,-0.16805648260847
0.323,-0.896825969405952
0.3235,-0.811992151763903
0.324,3.3173550188538
0.3245,-1.99480469237966
0.325,-1.32177500340864
0.3255,-2.1541658006584
0.326,-0.668628011836759
0.3265,3.51811959395739
0.327,1.63697358643707
0.3275,-0.127469901596678
0.328,2.15489471689483
0.3285,2.72740214274854
0.329,3.15970198139468
0.3295,3.53190380356497
0.33,2.41256261549678
0.3305,1.62807887814699
0.331,-1.17749225699736
0.3315,-3.21478946212097
0.332,-2.8754263175498
0.3325,-0.859652778447925
0.333,1.87075629803587
0.3335,-3.58903632710587
0.334,-0.240712689793456
0.3345,-2.72768349071293
0.335,2.79376003011694
0.3355,0.530851465645359
0.336,2.03781478724552
0.3365,0.270180316873036
0.337,0.468248005337423
0.3375,1.10787695424076
0.338,-3.18256481658033
0.3385,0.983549000328317
0.339,-0.472704556309889
0.3395,1.16298037304247
0.34,2.09803774734504
0.3405,1.14395011345449
0.341,-1.57841406074088
0.3415,0.0934584278999089
0.342,-2.12805826503155
0.3425,0.236239101558461
0.343,-0.481363654643633
0.3435,2.6344264336484
0.344,-1.5150391555413
0.3445,-2.4968597371042
0.345,3.49114466615092
0.3455,5.04159777533548
0.346,3.4560476268577
0.3465,1.2083174444092
0.347,1.09481138672071
0.3475,-1.29542921941442
0.348,-1.34029204100477
0.3485,-3.95626593951425
0.349,-1.78716400493365
0.3495,-3.3778401383828
0.35,-1.29348065267733
0.3505,0.986508265593603
0.351,2.1634981332359
0.3515,-1.83125604606845
0.352,2.77239565113966
0.3525,0.326301389835777
0.353,-0.74611012798841
0.3535,-2.14280708175708
0.354,-0.975869003172893
0.3545,0.196761538884379
0.355,3.11939085864858
0.3555,-0.754163571776976
0.356,1.64885535965454
0.3565,3.73013242252609
0.357,1.39488294186791
0.3575,3.66970302879858
0.358,3.40325817887964
0.3585,-0.444423618981751
0.359,-1.50438474840416
0.3595,-1.18978610436842
0.36,-1.56741473805139
0.3605,3.54431660163459
0.361,0.0212489990817082
0.3615,-3.18043732216817
0.362,1.82481884879268
0.3625,0.847655513441089
0.363,-1.59663290260048
0.3635,-0.292423526824734
0.364,0.455455429262625
0.3645,-2.68992668051928
0.365,-4.16616150283042
0.3655,-1.38868865876978
0.366,-4.2888764930953
0.3665,2.73466310549264
0.367,-1.27436119371999
0.3675,-0.264600407811001
0.368,1.06208839951803
0.3685,1.31242109582638
0.369,3.93738600712163
0.3695,0.917996657754366
0.37,-0.246253811325653
0.3705,-2.04262832278788
0.371,-0.0329939621346833
0.3715,-2.84584994801395
0.372,0.00592880732842316
0.3725,1.78187840921245
0.373,7.43424662571101
0.3735,0.293454984828521
0.374,2.09690189427774
0.3745,-0.513983209789723
0.375,-0.415959109618779
0.3755,2.83875363855073
0.376,-3.42276731940349
0.3765,1.11887096099556
0.377,0.844469793731257
0.3775,-0.812648856803857
0.378,-1.30676803171214
0.3785,-0.173289370749739
0.379,-0.885724815930566
0.3795,2.37085909203073
0.38,2.72349289922107
0.3805,0.22657797431139
0.381,3.0167595472931
0.3815,-0.208736347471733
0.382,1.52205426379241
0.3825,-0.886704281391285
0.383,-1.72494566205761
0.3835,-1.86854719517537
0.384,-0.10485152577845
0.3845,0.185466057978633
0.385,-1.12241751522255
0.3855,1.48807762476084
0.386,1.18617909188585
0.3865,0.10451379774924
0.387,-2.87325288405103
0.3875,4.47427944904618
0.388,-3.99381141584002
0.3885,-2.27430215093956
0.389,-0.466054576207521
0.3895,1.10118179017095
0.39,-0.0824257316513304
0.3905,-0.662075262064739
0.391,4.90341993422128
0.3915,0.0337594278524896
0.392,-0.973939636166528
0.3925,2.81059108638039
0.393,-0.621917900213339
0.3935,0.0876581418416353
0.394,-0.799959777979061
0.3945,1.40295801036862
0.395,1.16421318227063
0.3955,-2.8552854273552
0.396,-1.5102525173255
0.3965,-2.7622731963292
0.397,-1.44628060180291
0.3975,-2.3264327893051
0.398,-0.594145647572209
0.3985,-0.073674945825164
0.399,-0.571079070364039
0.3995,-2.36618646951043
0.4,-0.471920262358692
0.4005,2.18414902089676
0.401,-4.38142726149306
0.4015,-0.335740882300997
0.402,2.55256903052581
0.4025,1.2598322114931
0.403,0.708437751461328
0.4035,-1.52297459006902
0.404,-2.1611781044119
0.4045,0.100258863782029
0.405,-1.3615743246586
0.4055,-0.897519318828343
0.406,-1.08734928259776
0.4065,3.15399519576638
0.407,-0.0109821669382795
0.4075,-1.86522713888376
0.408,0.69856400475646
0.4085,1.82162840794939
0.409,2.10463226557568
0.4095,-2.72027809542995
0.41,-2.06898765120183
0.4105,-2.18150716664045
0.411,-1.92709449781353
0.4115,1.86991780328064
0.412,2.95475387382637
0.4125,2.10500832884847
0.413,1.30059516518582
0.4135,4.23847476607542
0.414,0.776720619924971
0.4145,-3.2987511182126
0.415,-2.60742743817844
0.4155,2.41808334238365
0.416,-1.72441843544803
0.4165,-2.18659877151273
0.417,-0.882793063818444
0.4175,0.855462698636345
0.418,0.849867850408568
0.4185,2.74142970990623
0.419,-1.76940432706071
0.4195,1.69888745740218
0.42,-0.203769348961022
0.4205,4.49463714773509
0.421,-0.673890434004362
0.4215,-3.4497472010912
0.422,-0.69707109631975
0.4225,-1.127235892454
0.423,2.31465715638594
0.4235,-0.258495015258664
0.424,-0.836507450123863
0.4245,-4.12760533821162
0.425,0.662200620016073
0.4255,-2.86463548521154
0.426,-1.68785192130775
0.4265,-2.89908936212414
0.427,1.45453908642839
0.4275,-0.119448626282857
0.428,1.87766176501086
0.4285,2.98101013686784
0.429,1.34184232624142
0.4295,-0.208452874905749
0.43,-0.385481080938587
0.4305,0.367601297263645
0.431,0.358592101335184
0.4315,-1.87127594254351
0.432,1.27857706139594
0.4325,-1.99465813820884
0.433,0.339547377527786
0.4335,4.48392433150286
0.434,1.72157016579218
0.4345,1.50415771570429
0.435,0.376387673825553
0.4355,-0.235524740917101
0.436,2.57866217010392
0.4365,3.33874559894147
0.437,0.515783230380338
0.4375,-1.78270486923301
0.438,-2.13506445514342
0.4385,-0.912936817824729
0.439,0.00386460281170383
0.4395,0.318359427226861
0.44,3.0828084682503
0.4405,1.73304385947993
0.441,0.490364705691636
0.4415,-0.0126404009366242
0.442,-1.53096883083686
0.4425,0.542933995303704
0.443,-1.36413656557532
0.4435,-0.832852519201123
0.444,-1.54238396475349
0.4445,1.13677564148552
0.445,0.593354008798053
0.4455,0.936087570099289
0.446,-1.10006868705446
0.4465,2.77073461724852
0.447,-1.0285905774099
0.4475,1.52043046914864
0.448,-1.05196360625458
0.4485,1.0202817006315
0.449,2.0231062705595
0.4495,-1.21053578050224
0.45,3.18779840373406
0.4505,0.326529972622777
0.451,1.03810344937237
0.4515,0.996959319946508
0.452,2.75925970368187
0.4525,1.88152621799741
0.453,-1.52909882238495
0.4535,-0.246858248102119
0.454,0.419516706250314
0.4545,0.24072114026249
0.455,-3.44308038964495
0.4555,-0.0789676928760815
0.456,4.0141593210678
0.4565,-0.779986908458406
0.457,4.93840455878021
0.4575,-3.44448999233018
0.458,0.740468911615305
0.4585,1.81875374332515
0.459,-5.64098759359238
0.4595,-3.98906363344298
0.46,-1.67626111369885
0.4605,-0.0906135578106999
0.461,0.642485312253001
0.4615,-0.21316814955262
0.462,-2.70118889870283
0.4625,-0.550443662840711
0.463,1.78838323543092
0.4635,3.01408263825457
0.464,2.80300645278557
0.4645,1.23186673759504
0.465,-0.533268038781902
0.4655,0.796260838249192
0.466,-2.06012606135337
0.4665,0.283174260275561
0.467,-3.3981894460727
0.4675,0.765052794884455
0.468,2.14828863586395
0.4685,0.215521226727953
0.469,0.274790357252053
0.4695,-0.169001269955047
0.47,-2.28819417720047
0.4705,-4.34993683643602
0.471,-1.86479551730695
0.4715,0.722888334689859
0.472,-2.15578984087817
0.4725,0.515106543419293
0.473,-1.45698917192149
0.4735,-3.49564014111644
0.474,3.52998165640983
0.4745,3.20206523416352
0.475,-1.61974387130012
0.4755,-0.490214337443708
0.476,-1.5253041952717
0.4765,-2.83408665029451
0.477,3.00006196319589
0.4775,2.14715437714936
0.478,-3.03901675686611
0.4785,-0.521422159044285
0.479,-0.348541467302736
0.4795,-2.97426010288891
0.48,-0.440010194169459
0.4805,1.68503211937853
0.481,1.51108423055834
0.4815,1.31945166151864
0.482,-1.15155568991178
0.4825,0.575351079133249
0.483,2.18017810704097
0.4835,-0.270643603630609
0.484,1.88728919206333
0.4845,-0.831460120728821
0.485,1.41159600436225
0.4855,0.211362985477569
0.486,-0.0560373553754102
0.4865,-0.872371729327365
0.487,-0.0833967943356115
0.4875,-1.69920688966209
0.488,-3.47878893259973
0.4885,1.92441672522359
0.489,-2.5032582786749
0.4895,1.09344135102491
0.49,1.25844859259324
0.4905,-0.56795492916349
0.491,1.53364488569779
0.4915,-0.288031560342919
0.492,2.33812507827992
0.4925,2.72886003858605
0.493,0.779631766411406
0.4935,-3.63833498100745
0.494,-1.97117493885619
0.4945,1.05757917679066
0.495,-2.17342565427202
0.4955,4.65299256990549
0.496,-0.521024547286679
0.4965,1.08071597600844
0.497,3.35397055161684
0.4975,1.66327755135714
0.498,-2.99411566939418
0.4985,-2.6329857393939
0.499,0.224210069382546
0.4995,-1.65606487011867
0.5,2.07400191950947
0.5005,3.27121428842364
0.501,-1.05294784881269
0.5015,1.83704248978988
0.502,-1.22862821827294
0.5025,-0.242891060430976
0.503,0.40160329190648
0.5035,-0.516313353697139
0.504,0.290171807722019
0.5045,-0.735756042450093
0.505,-1.10184230277688
0.5055,-0.822451235817102
0.506,0.416731861514883
0.5065,0.101000304811504
0.507,-2.87861482246264
0.5075,0.0296465658294076
0.508,1.38249198878221
0.5085,-0.00914086044038476
0.509,-4.09654881499182
0.5095,-2.44792136610329
0.51,3.24600252141249
0.5105,-1.12863195498814
0.511,2.27662491460232
0.5115,0.0316923175928885
0.512,-0.246965578483624
0.5125,1.80456908432025
0.513,-1.08023970548742
0.5135,2.45947926782991
0.514,1.41949257935694
0.5145,0.553673755585862
0.515,-0.295022563539367
0.5155,1.4477203601573
0.516,-2.0267588715106
0.5165,0.109229539688036
0.517,-1.31475512112579
0.5175,2.66336344686445
0.518,0.551255297986822
0.5185,1.10315451010078
0.519,-0.743641938165535
0.5195,-1.71769914927229
0.52,-1.09062787294488
0.5205,-5.88402625112592
0.521,-0.0636148311305107
0.5215,-4.23015693308851
0.522,-1.24221321677885
0.5225,0.111790218366055
0.523,3.90953609940215
0.5235,-0.163703099844799
0.524,0.344488681679372
0.5245,1.40742184639429
0.525,4.70573371160201
0.5255,-0.326928975297692
0.526,1.46155146383378
0.5265,-0.294582485393693
0.527,-0.799653106182933
0.5275,-0.0975612264201808
0.528,-0.401076730368459
0.5285,3.51256800508815
0.529,-2.98363969507788
0.5295,1.82254591707946
0.53,2.21820226821201
0.5305,2.09722657981864
0.531,-0.497332019320711
0.5315,-2.2383300125442
0.532,-1.2177724188682
0.5325,-1.85576924846618
0.533,-0.830656628495818
0.5335,1.45537006745383
0.534,-1.29830025695398
0.5345,1.57352432005469
0.535,-0.257684314339333
0.5355,-0.926956526269819
0.536,-2.06003113561058
0.5365,1.19727479500776
0.537,-1.02547723475557
0.5375,0.93444397327833
0.538,-0.741181228074055
0.5385,0.870302128021089
0.539,-0.7783486618947
0.5395,0.484747890978282
0.54,-0.0784820675964768
0.5405,4.75893479050805
0.541,-4.0981188982457
0.5415,-2.02752796369509
0.542,3.07890918290164
0.5425,-2.36564392620867
0.543,0.767747558032685
0.5435,-2.09646876549984
0.544,-2.92818037390318
0.5445,-2.46459079126441
0.545,1.42120176790428
0.5455,-1.39501898796536
0.546,2.67325440309326
0.5465,1.22514669875905
0.547,-0.76478884502616
0.5475,-1.99003609951463
0.548,1.46248438112467
0.5485,2.29962772216639
0.549,-0.873720158693964
0.5495,-0.275333922046005
0.55,-0.732473860150192
0.5505,1.08220622676567
0.551,1.49894207183686
0.5515,0.504791086516647
0.552,-0.406420493959881
0.5525,0.960623229435906
0.553,1.84388661168105
0.5535,0.33485872499579
0.554,-2.83364264405883
0.5545,-3.32878707801364
0.555,-1.49479901008948
0.5555,1.36306152878406
0.556,1.17513265062599
0.5565,1.67773309538621
0.557,-1.46805499913056
0.5575,3.16934953822625
0.558,3.66544002957029
0.5585,-2.04589286732662
0.559,-1.55585245201166
0.5595,-0.092062231049883
0.56,2.14160478098098
0.5605,2.30575110887891
0.561,-0.0921210882204365
0.5615,-0.23904951300782
0.562,0.0265272048619148
0.5625,-0.0124901475962039
0.563,-1.07657233289199
0.5635,0.918921896581437
0.564,-1.0624344029093
0.5645,-0.820939091625789
0.565,-2.36161839887817
0.5655,-0.732820315435204
0.566,-3.55690764241579
0.5665,0.343998222504559
0.567,0.731593491549182
0.5675,0.245066785527905
0.568,1.10343991594399
0.5685,-1.19248460294819
0.569,-1.18033379219258
0.5695,0.120273534725101
0.57,-1.43145572059645
0.5705,-5.74884619116108
0.571,0.607474992929877
0.5715,-2.03545982964012
0.572,0.869661865856887
0.5725,0.194879305380909
0.573,1.42763885959945
0.5735,3.21672354438731
0.574,-2.95115395058184
0.5745,3.99269155744961
0.575,2.68314927665734
0.5755,1.1298069143985
0.576,-3.23614120936349
0.5765,-1.39315789805436
0.577,-2.16445313503331
0.5775,-0.200103778757989
0.578,-2.30094712363269
0.5785,-1.38153817840696
0.579,0.108497954763007
0.5795,1.5136637083625
0.58,1.99943795818137
0.5805,0.518298713072251
0.581,0.792560524587756
0.5815,0.511837019683123
0.582,-6.47401740659488
0.5825,-1.0392811371522
0.583,-0.889252970031646
0.5835,-0.152314537347884
0.584,-0.4433206970609
0.5845,1.13528877324661
0.585,-0.526786445374225
0.5855,-1.17544572328592
0.586,3.5539356548424
0.5865,0.479452477542332
0.587,-1.81214811135431
0.5875,-2.2517801511721
0.588,-1.55660797379804
0.5885,0.659084237965985
0.589,0.728430115598971
0.5895,2.83055758311096
0.59,0.490143515310364
0.5905,-3.08815311963488
0.591,-2.29884356163016
0.5915,1.40333130290835
0.592,-0.415133724099168
0.5925,-1.0000135030024
0.593,-6.18241375766668
0.5935,-1.37115843242666
0.594,-1.14417204331159
0.5945,-1.7752471993435
0.595,0.414444716194771
0.5955,2.23332317614092
0.596,-4.59616604593525
0.5965,4.18269930957862
0.597,-1.72584214982016
0.5975,-3.695404918557
0.598,-1.31675711031413
0.5985,-3.10839282855592
0.599,-3.28606065635952
0.5995,2.56933783906226
0.6,-1.51495837713617
0.6005,4.39833095536207
0.601,2.6753112495699
0.6015,3.62365161482587
0.602,1.76137793776533
0.6025,1.25865767935153
0.603,-0.917020092368899
0.6035,-2.50182091129479
0.604,-2.71168221728296
0.6045,-0.452240615160351
0.605,-0.824019539859767
0.6055,1.53021929201475
0.606,-0.179539154502769
0.6065,0.626904028636882
0.607,2.64544186660979
0.6075,0.411863895064359
0.608,0.18583881784777
0.6085,-4.53942387752659
0.609,-0.889899654414561
0.6095,-5.44114816043493
0.61,-1.34733551655699
0.6105,-4.76910375056231
0.611,-0.34737808906275
0.6115,4.39961224598574
0.612,-1.0755755666105
0.6125,0.166104144673415
0.613,0.31195216673925
0.6135,-0.824232775555781
0.614,-0.136547456362711
0.6145,-0.148595268685692
0.615,-0.586995086825465
0.6155,-4.4374177289394
0.616,-1.1661133242452
0.6165,-1.15703452635869
0.617,-0.62002381922152
0.6175,1.45396072457119
0.618,2.76599614720548
0.6185,-0.187943277127196
0.619,4.40350796950524
0.6195,2.76203277009063
0.62,-0.413969211502951
0.6205,2.35165281406776
0.621,-1.21454618901616
0.6215,-2.49985647936259
0.622,0.95221913421763
0.6225,0.124154649627991
0.623,0.551173183782531
0.6235,1.82936622812159
0.624,-1.24855046583436
0.6245,0.39522684793104
0.625,-3.2268050134014
0.6255,-0.313191101259406
0.626,-1.79140175625197
0.6265,0.661390764577459
0.627,-1.73143515552601
0.6275,-2.11462659951906
0.628,-1.78057707870965
0.6285,0.130493030742583
0.629,-0.431934066238728
0.6295,0.764019084691617
0.63,-0.635179664162738
0.6305,-1.6222539386269
0.631,4.12988365836437
0.6315,-0.374212614232556
0.632,-0.0943809511490638
0.6325,1.54570268529836
0.633,-0.38847143927657
0.6335,-1.58537647429596
0.634,1.51532238975745
0.6345,2.15044019426957
0.635,-1.19545329070324
0.6355,2.6109331848399
0.636,-0.0413398805263938
0.6365,2.55460453015856
0.637,1.55898514808525
0.6375,-0.37695579149582
0.638,-0.586661572391531
0.6385,0.885509439323028
0.639,-0.820691082567377
0.6395,4.99158688139846
0.64,-2.09270436270893
0.6405,0.422490072319161
0.641,1.99463735842152
0.6415,-0.575273331774489
0.642,-2.40409818030912
0.6425,2.09977455023941
0.643,-2.05179600996254
0.6435,-4.30821051890329
0.644,0.382806507221009
0.6445,1.57701738363948
0.645,0.0727604546900504
0.6455,-0.609795940453069
0.646,2.07499645837945
0.6465,3.46277855181355
0.647,-1.45272927364138
0.6475,4.05836456472323
0.648,0.257366738779831
0.6485,1.43395723923003
0.649,-2.45000439782609
0.6495,2.61204457757814
0.65,0.903592509531001
0.6505,3.55980494736615
0.651,-1.06126680194681
0.6515,1.92264907596821
0.652,3.9129909253111
0.6525,-1.57197383283435
0.653,1.78151007280735
0.6535,-1.25485093247654
0.654,-0.71353137321757
0.6545,-0.952883940205129
0.655,-1.0873564732757
0.6555,-4.77864077878747
0.656,-2.11996654046307
0.6565,3.87519484591748
0.657,3.92753498838385
0.6575,-0.0309032453815162
0.658,-1.35235249286787
0.6585,-3.24188272349263
0.659,-2.29973609837709
0.6595,-4.04930636254188
0.66,2.50860708030895
0.6605,-1.41834945933935
0.661,-1.12599573963543
0.6615,4.75431213873436
0.662,4.05943162017648
0.6625,-0.982847141314712
0.663,-1.07839969139219
0.6635,2.0537507139465
0.664,1.85337089326211
0.6645,-0.794882743316638
0.665,-1.86373926293835
0.6655,-4.43781657577498
0.666,2.86420237583962
0.6665,-0.0236306883278047
0.667,2.06559118749474
0.6675,-2.1924415685423
0.668,-0.975589804336948
0.6685,1.90205847877329
0.669,-2.13521389238895
0.6695,3.11264583657052
0.67,-0.116625818694372
0.6705,-0.548393348423791
0.671,0.0892493885650989
0.6715,-4.19474013727836
0.672,1.18905440254634
0.6725,-2.89602894341274
0.673,0.553604362525961
0.6735,0.841101967830388
0.674,0.169322163716089
0.6745,-1.97583794017318
0.675,-1.10853171830805
0.6755,1.58229578695203
0.676,-4.81881915989328
0.6765,-0.49848061302322
0.677,0.405505884647676
0.6775,-1.80809171166583
0.678,1.61249480973186
0.6785,5.93685073758144
0.679,-0.235599718565612
0.6795,1.26232938787173
0.68,2.85929103314922
0.6805,-1.31016814275418
0.681,-0.439023173550109
0.6815,-2.46488502688756
0.682,1.72914527476418
0.6825,-1.3427874182308
0.683,-0.371706054221368
0.6835,2.59765619317721
0.684,0.265700985159662
0.6845,-0.157478942159428
0.685,0.730192254684357
0.6855,-3.07920252675547
0.686,-1.46636622388247
0.6865,-3.40724862148967
0.687,-3.1088874412227
0.6875,-3.52811048330623
0.688,-5.06376955099375
0.6885,2.15749167517899
0.689,1.90660975650284
0.6895,-2.1485439686593
0.69,1.44849337723806
0.6905,5.22289310160853
0.691,-0.618763071317725
0.6915,-1.0308889483106
0.692,-2.65344125394948
0.6925,0.622209146855486
0.693,0.334127521476779
0.6935,-0.527242796036213
0.694,1.3838137382529
0.6945,-3.35714088690896
0.695,1.43595400000253
0.6955,0.421504114301438
0.696,2.88191499678761
0.6965,-0.728683206522416
0.697,0.473185868346754
0.6975,-0.9003648492875
0.698,-0.00645073415302433
0.6985,0.754093319798899
0.699,-3.4025522498987
0.6995,-0.749589601547325
0.7,2.03526254560544
0.7005,1.0581275516854
0.701,2.60453070129155
0.7015,1.66773011616262
0.702,0.755013984040371
0.7025,1.38272509599776
0.703,1.55630202391871
0.7035,-1.85630282309258
0.704,-1.23218637711694
0.7045,-2.21247231366683
0.705,-0.950575369783073
0.7055,0.222624862589986
0.706,-1.20554849069736
0.7065,2.68789143861871
0.707,-1.04954983461632
0.7075,1.14625165917076
0.708,0.942614774488318
0.7085,-6.14612802786733
0.709,-2.26266341898772
0.7095,-1.51951232103581
0.71,-3.35390259348455
0.7105,-2.84423787997501
0.711,1.4876353252421
0.7115,3.58327012079398
0.712,1.72617533187911
0.7125,1.14222429061929
0.713,2.22686872974209
0.7135,-2.04536813546573
0.714,0.247981933209133
0.7145,-0.597614474680416
0.715,-4.37621256886163
0.7155,-1.16285983614507
0.716,-1.22008376224711
0.7165,0.335480939562088
0.717,3.48696632517201
0.7175,-2.44484445797298
0.718,-2.06753648832682
0.7185,1.91586627133289
0.719,0.907934600009901
0.7195,-1.3778489808317
0.72,2.07145979374374
0.7205,-3.64431203310482
0.721,-2.98902026501638
0.7215,-2.84322558850868
0.722,-0.380240538362322
0.7225,-1.6075719934408
0.723,0.562012755808279
0.7235,1.25285324900379
0.724,-1.21921654251091
0.7245,-1.39129193256181
0.725,0.473320468155832
0.7255,-1.35993026663139
0.726,-2.86344309025226
0.7265,1.38018727989022
0.727,0.459796537147322
0.7275,-1.81983008951431
0.728,0.136740931346529
0.7285,1.14158053493483
0.729,4.44498540961951
0.7295,0.99940695698859
0.73,0.261763210336867
0.7305,2.2097182435585
0.731,2.48205817899307
0.7315,-0.709421878201633
0.732,-2.98613737664718
0.7325,-4.20540718661078
0.733,1.36605286861744
0.7335,0.431575724568992
0.734,-1.38807795317445
0.7345,3.07740864900764
0.735,0.520181125076249
0.7355,-2.60903812241687
0.736,-1.62395955342096
0.7365,-1.59576396372791
0.737,1.33777513051334
0.7375,-3.00729781621991
0.738,-2.12573991169534
0.7385,1.44507232683196
0.739,-0.272390029851921
0.7395,0.424801997331449
0.74,2.63283994625199
0.7405,4.44054516090504
0.741,3.27610359976484
0.7415,1.00714726367051
0.742,2.6136228147243
0.7425,4.7904959779142
0.743,-2.78109423388613
0.7435,4.62505392009731
0.744,-0.587142212613357
0.7445,-1.22575278626002
0.745,1.35167698290137
0.7455,-1.05638253184725
0.746,2.93103420157967
0.7465,1.87419012245018
0.747,-2.19632612812296
0.7475,-2.16325453652948
0.748,-1.63931262076753
0.7485,0.255195294017211
0.749,-3.62591876640567
0.7495,2.98393190735295
0.75,-2.45764884844957
0.7505,0.575454093690909
0.751,0.81046812630481
0.7515,-0.22756592257629
0.752,3.34553786472276
0.7525,-0.51311535168472
0.753,0.125536343230145
0.7535,-3.78283328489049
0.754,-3.76770352836279
0.7545,-3.24977455393932
0.755,2.24536622196364
0.7555,-1.74838802954204
0.756,0.148831609365696
0.7565,0.64997433563616
0.757,-0.902345569725109
0.7575,3.86226116309858
0.758,-1.60302297473556
0.7585,-4.58943913321285
0.759,1.76641711999063
0.7595,0.0193817278037979
0.76,-0.753726945291834
0.7605,2.67353584369503
0.761,-0.247279582509633
0.7615,0.106878608006605
0.762,-1.19771847132768
0.7625,-0.502077629815535
0.763,0.7890594791026
0.7635,-1.21403542830132
0.764,-1.04005216888145
0.7645,-1.68797549192423
0.765,-1.32408368577383
0.7655,-2.86562042699839
0.766,-2.52496224395591
0.7665,0.664768126174657
0.767,-0.204576192452404
0.7675,0.109858383673255
0.768,2.9916067031377
0.7685,-1.29020929455645
0.769,0.0609224145284267
0.7695,3.28563228825954
0.77,-5.24295676683804
0.7705,3.38695952607131
0.771,1.39254563555557
0.7715,-1.20936276733042
0.772,-2.48071475716834
0.7725,0.748505293561531
0.773,1.27502921009269
0.7735,5.50294253340281
0.774,0.660229602091391
0.7745,1.21718632454307
0.775,0.188308541249231
0.7755,-4.49675986316583
0.776,1.15743027781907
0.7765,-0.101417255907426
0.777,0.215645063759434
0.7775,-1.42982076050732
0.778,-0.81896106653697
0.7785,-1.00391801812776
0.779,0.715194124106444
0.7795,0.307282087345796
0.78,-1.81111289964228
0.7805,-4.75480995888639
0.781,-0.0707253195622592
0.7815,-0.0429052569323136
0.782,-1.49883969425359
0.7825,-2.10471346842475
0.783,-3.50708371889333
0.7835,-0.628570495719705
0.784,0.425898531957782
0.7845,0.750455223260817
0.785,-3.86293143504928
0.7855,2.88089609629411
0.786,-2.93680199551051
0.7865,-0.631532763603585
0.787,2.0306255898922
0.7875,-0.471152714891667
0.788,3.45244157089693
0.7885,3.19713850084481
0.789,-0.304036867953245
0.7895,3.74657412679611
0.79,2.50822791167075
0.7905,2.12722279591787
0.791,-2.56077356869319
0.7915,0.577951092715504
0.792,-0.727014096867336
0.7925,-0.875844921170048
0.793,0.541447716462134
0.7935,-1.19182792637939
0.794,-1.31275450752493
0.7945,2.02195809349402
0.795,-1.64753724194519
0.7955,3.19397267385147
0.796,-1.38241950609528
0.7965,3.99688501395574
0.797,-3.64930903016069
0.7975,-1.58886183969375
0.798,0.798858987990438
0.7985,-3.40456036918908
0.799,0.450162062298952
0.7995,-2.68105848491341
0.8,-2.07222095518286
0.8005,-0.0684165374998993
0.801,1.18103774843517
0.8015,-3.5673936731612
0.802,3.35066193781836
0.8025,0.208665449070866
0.803,-0.935590313526413
0.8035,-0.0553189096164357
0.804,3.85840600709242
0.8045,-3.08133642654864
0.805,-0.00849002786304023
0.8055,1.94705661141696
0.806,-2.10483805160742
0.8065,2.02733417326014
0.807,0.880010989040514
0.8075,2.49549836720693
0.808,-1.30880707802876
0.8085,-2.48391260505628
0.809,-0.920400024078469
0.8095,-0.5776570235527
0.81,-3.85355808758368
0.8105,-2.06843418665789
0.811,-5.17154427851933
0.8115,-3.4008478105251
0.812,-1.15296134861311
0.8125,-0.116413517161917
0.813,0.49748227203253
0.8135,-1.11129119206871
0.814,1.62829124246261
0.8145,0.26737193447934
0.815,-0.967194118364528
0.8155,0.57169910924678
0.816,-0.0935802494347077
0.8165,-1.78414537603626
0.817,-0.204601373496211
0.8175,-0.021591154262816
0.818,2.25474972132834
0.8185,-2.79161925752735
0.819,0.705164818412802
0.8195,0.516794339791379
0.82,0.610654524462746
0.8205,-1.60510959026114
0.821,0.676983256676528
0.8215,1.82406378408161
0.822,0.504203642970233
0.8225,-0.317880059932597
0.823,-1.49078468008162
0.8235,-0.00760719559259171
0.824,-0.656883441964504
0.8245,2.95502759223225
0.825,0.591612883911407
0.8255,-0.530856278314486
0.826,-2.73451120498168
0.8265,-4.0671052876281
0.827,-0.84263161816498
0.8275,-2.50258112363275
0.828,-1.55633486274035
0.8285,1.24793031420861
0.829,-0.604067047642586
0.8295,0.471086378889368
0.83,-3.54778449790302
0.8305,1.98215979805804
0.831,-2.7859992717286
0.8315,-2.74409319350386
0.832,-5.15694049232038
0.8325,-3.2668454471764
0.833,-0.604548786816585
0.8335,-1.76398990555755
0.834,0.135376857777419
0.8345,1.58149987362383
0.835,2.82298661717921
0.8355,0.825848231370734
0.836,1.14578735194201
0.8365,1.32170281915016
0.837,-2.69502374715852
0.8375,-2.32173373460762
0.838,-1.32245348846259
0.8385,-6.13002118990524
0.839,0.918629580238836
0.8395,1.57925079950125
0.84,-0.640248731666952
0.8405,-0.654540577786903
0.841,-1.20542426539767
0.8415,-0.475452269980852
0.842,2.96088137200271
0.8425,-0.788230885218187
0.843,-0.64874980167675
0.8435,-2.17617446471478
0.844,-1.20584377796615
0.8445,1.3193967978446
0.845,5.90204549223284
0.8455,2.23778969340424
0.846,-1.86060615013943
0.8465,-0.0847426066542505
0.847,1.44745401926965
0.8475,0.199004759472455
0.848,-2.96685387378468
0.8485,-2.44972400028254
0.849,-0.401167279796419
0.8495,-0.444920059674649
0.85,-1.40183156603648
0.8505,2.26713190998227
0.851,1.12068362887266
0.8515,3.25470229181888
0.852,5.3214521141813
0.8525,0.839730171161466
0.853,-4.824465623012
0.8535,-1.89858613302282
0.854,-0.231773361090998
0.8545,1.71705645009002
0.855,-5.90420600678378
0.8555,-3.0583801982084
0.856,-3.32668452637316
0.8565,-2.53685283131302
0.857,-0.0896609575429956
0.8575,1.18120143037684
0.858,-3.04218478235395
0.8585,-0.996833935084471
0.859,-2.61521182251178
0.8595,-0.853742120891186
0.86,-1.3802515132746
0.8605,-4.14173351351315
0.861,2.40713257044077
0.8615,-0.917725033940409
0.862,1.97021185651293
0.8625,2.51241687315833
0.863,3.01530652136257
0.8635,-0.632131666547473
0.864,0.447874652613324
0.8645,-2.72497181818965
0.865,0.456589031924904
0.8655,2.58811831111893
0.866,2.62644175062536
0.8665,1.98613345190875
0.867,-1.559168179677
0.8675,1.38880154579557
0.868,2.04761881164544
0.8685,1.38965662869912
0.869,0.0989935797341743
0.8695,-2.4548409531952
0.87,-0.267710007304623
0.8705,1.21730321816691
0.871,-3.56693372384481
0.8715,-4.4555456597881
0.872,-0.841990846477734
0.8725,-1.33723585852588
0.873,2.31584271557758
0.8735,-0.48257450016446
0.874,0.234123684080613
0.8745,3.45111587374922
0.875,-0.25316136352468
0.8755,-2.26577463287799
0.876,-1.88928120958665
0.8765,-0.658193274522569
0.877,2.16714219037485
0.8775,-0.683666771511271
0.878,-4.69972147226072
0.8785,-0.672430040091401
0.879,-1.88837626438563
0.8795,5.84849478527915
0.88,3.87144694726907
0.8805,3.03025322100796
0.881,0.172556058784076
0.8815,-2.34591946980888
0.882,-1.67494351180831
0.8825,1.87384894590167
0.883,-1.22436708139628
0.8835,1.24977069203712
0.884,0.39063281709539
0.8845,-0.853005543635466
0.885,1.82211232438808
0.8855,1.31440622432235
0.886,-2.06105571724384
0.8865,-4.24459555730463
0.887,-0.531144386494122
0.8875,-1.74983138235985
0.888,1.10598280591051
0.8885,-3.99229231630323
0.889,2.24022758644772
0.8895,-0.699924789848417
0.89,0.754321396357998
0.8905,-1.72837322217633
0.891,3.44704610772489
0.8915,0.0981325061334304
0.892,-0.759786274196359
0.8925,0.786458577475701
0.893,-0.383204622012619
0.8935,-1.15447279800966
0.894,0.185633179027517
0.8945,3.07126068032401
0.895,0.528299427323053
0.8955,1.20761117875711
0.896,4.77196086253876
0.8965,-1.83414194421084
0.897,2.61391429810232
0.8975,-1.47723826345902
0.898,1.15010765842364
0.8985,-2.15539756589374
0.899,-1.71209551269495
0.8995,-0.444925564660721
0.9,-1.25431958842256
0.9005,2.33954719639526
0.901,3.99059878204618
0.9015,1.18443717788909
0.902,-3.53123366236829
0.9025,-0.903422440137113
0.903,1.33734268158224
0.9035,-1.14373850212869
0.904,-1.52471970641711
0.9045,-1.09052700019555
0.905,-1.76864746997946
0.9055,-1.31261697340752
0.906,0.514658248113298
0.9065,4.30134271427221
0.907,2.32685599038467
0.9075,2.58211426781727
0.908,1.72559224162349
0.9085,3.13360793327693
0.909,-2.68549242792868
0.9095,2.86229688561445
0.91,-2.10782678961595
0.9105,0.386135809433836
0.911,-1.19919990936454
0.9115,2.49702237924469
0.912,2.46814509041128
0.9125,2.40095075636656
0.913,1.54243658744888
0.9135,0.601085858458136
0.914,0.421210072387386
0.9145,-0.247858908181802
0.915,0.729564758754431
0.9155,-1.85530912105252
0.916,1.79177320869251
0.9165,0.536207880592558
0.917,-1.94710150584792
0.9175,-0.0427173843604757
0.918,-2.19747134488179
0.9185,0.543351548487192
0.919,-2.30784116223439
0.9195,4.45572411883717
0.92,-4.318338330467
0.9205,1.11308734411256
0.921,-5.22364365147525
0.9215,-1.25937588384595
0.922,0.472060433798123
0.9225,2.38333064886164
0.923,-1.61594458922096
0.9235,3.23698764366742
0.924,3.18751082255679
0.9245,0.543908859658706
0.925,1.70137813841986
0.9255,-0.090851341598004
0.926,-1.40775019572971
0.9265,0.193915033406148
0.927,0.0302525020095026
0.9275,2.36993849404558
0.928,0.692486312622141
0.9285,-1.17543372397111
0.929,0.386458991415557
0.9295,-2.21795131080731
0.93,-2.52436140562377
0.9305,-1.72680278927299
0.931,0.154845189700133
0.9315,-3.74750083584059
0.932,-1.63117124999118
0.9325,-2.14828718616568
0.933,-1.07502973358469
0.9335,1.66853273769926
0.934,-2.48503983873789
0.9345,3.81929898684848
0.935,0.391725392413392
0.9355,-2.79827103360704
0.936,1.42597864342229
0.9365,-1.02476837248185
0.937,-4.7619881314827
0.9375,-0.0586606268409653
0.938,0.915278093692916
0.9385,-1.17396321689194
0.939,-1.80165065522329
0.9395,-0.213848643409349
0.94,-2.44222215527687
0.9405,-0.228481341411059
0.941,1.85505850837411
0.9415,1.65254271510625
0.942,-1.72809368861053
0.9425,-0.900407533089127
0.943,-0.724027964447336
0.9435,-0.753661892679458
0.944,0.548149294951174
0.9445,0.903873747710689
0.945,0.0829289917664524
0.9455,1.3518114910749
0.946,1.07585688919436
0.9465,-2.45221623864334
0.947,2.8045936203849
0.9475,-3.52311897125278
0.948,0.0346728798504086
0.9485,-2.82859611387258
0.949,1.45355022188595
0.9495,-1.60608822921738
0.95,2.30009114372229
0.9505,-1.35934172089081
0.951,0.558166543840334
0.9515,0.89503601187129
0.952,0.983262621470618
0.9525,-1.35775068696094
0.953,-3.08574823187072
0.9535,-2.04939174626306
0.954,0.425013737817506
0.9545,1.36754568276493
0.955,0.91607737402277
0.9555,-4.00959821215213
0.956,0.396902871973858
0.9565,-1.47927889527789
0.957,0.294651110706891
0.9575,-0.123985605118599
0.958,3.04851202843172
0.9585,0.0550782040843745
0.959,-2.5719297449519
0.9595,-1.95482161057304
0.96,0.951910097642152
0.9605,-2.26374527940291
0.961,-0.732435144705151
0.9615,-1.1358616172374
0.962,0.290416228367317
0.9625,0.783463192397225
0.963,1.99244868404174
0.9635,-0.670041136233709
0.964,-0.937824264755314
0.9645,1.91121938768277
0.965,-2.49841420569381
0.9655,-1.85879185531941
0.966,-1.57226168481693
0.9665,-0.812866798512648
0.967,3.44541107647329
0.9675,-1.1019061700729
0.968,-1.20492457177029
0.9685,0.952664125628525
0.969,3.65383600940496
0.9695,0.512786284199288
0.97,1.13974282107501
0.9705,-0.366852791188342
0.971,2.17935564811804
0.9715,-1.78372175746528
0.972,-2.58252566747137
0.9725,1.07933936082923
0.973,0.68354485150953
0.9735,2.13759584909157
0.974,2.51019750332697
0.9745,0.85168102272951
0.975,-0.199354542644501
0.9755,-3.35598305375053
0.976,-0.477865203922682
0.9765,-1.10648070708105
0.977,-2.95561845142992
0.9775,-5.57614836669948
0.978,-2.09032192740333
0.9785,0.840193801780402
0.979,1.22590509506997
0.9795,-0.287957166647372
0.98,-1.21390251377054
0.9805,1.09609282988271
0.981,-1.33034991913916
0.9815,-1.74548862416918
0.982,-3.82419460602469
0.9825,-1.58020459723371
0.983,-0.540476179301532
0.9835,-1.46414342697466
0.984,-0.158633658634908
0.9845,1.36475439603984
0.985,-1.18012655693269
0.9855,1.65938708104679
0.986,3.69098408236877
0.9865,4.29370919843213
0.987,1.47214202816908
0.9875,-1.05169256706995
0.988,-0.574228817200875
0.9885,1.77944877682896
0.989,0.506833367609751
0.9895,-0.565544943761121
0.99,0.165641227149655
0.9905,1.75201339198726
0.991,-0.812721563788449
0.9915,4.1872449792703
0.992,0.700282775348794
0.9925,-1.66261140733501
0.993,-0.711027070970183
0.9935,-4.76296023034547
0.994,-0.0537896661924105
0.9945,0.19638710299284
0.995,-3.61157710767396
0.9955,0.256615038414375
0.996,1.44372225921588
0.9965,-2.29731307607099
0.997,2.67883898460405
0.9975,-2.1657066898571
0.998,0.550884180115007
0.9985,-3.70771332742158
0.999,-2.6416483830305
0.9995,-1.92638705953201
1,1.33724622899613
1.0005,-3.71256630376944
1.001,-0.254508683423144
1.0015,-1.68205587767916
1.002,2.84213227809845
1.0025,2.02251945816348
1.003,-1.00744769745082
1.0035,-0.679440607479825
1.004,4.08617143439949
1.0045,-1.94726284277826
1.005,0.820254528162365
1.0055,-0.423293412504894
1.006,5.57313011454076
1.0065,0.566658027701173
1.007,1.32041033111358
1.0075,-1.52570637023713
1.008,2.5577565938835
1.0085,-1.51029571145142
1.009,-1.24422911936893
1.0095,-0.480920499607605
1.01,1.95813569850829
1.0105,-3.48081570325963
1.011,-0.0752113181622408
1.0115,2.44952976300906
1.012,0.990344167257384
1.0125,-2.24885778518984
1.013,1.06951798414809
1.0135,4.91864789459163
1.014,2.06837821634162
1.0145,-1.9997013296883
1.015,-0.754578822567521
1.0155,-1.2956588374266
1.016,0.0418599890682768
1.0165,-0.817639125270045
1.017,1.33887270369467
1.0175,1.31064257249779
1.018,2.78862707315493
1.0185,2.44286896905143
1.019,-0.0626116242377357
1.0195,0.151520064584441
1.02,-0.0271146588384511
1.0205,4.49889749187916
1.021,0.565178539453231
1.0215,0.250013766204999
1.022,0.46123736030651
1.0225,3.34991035799976
1.023,-0.56460335210756
1.0235,4.70892245320914
1.024,-0.470588327626718
1.0245,-1.17132105371777
1.025,-0.997066779832795
1.0255,-4.9535291241728
1.026,-0.823015511752492
1.0265,-4.18408507670136
1.027,-1.4690358297114
1.0275,-1.96044355242274
1.028,3.85685673630729
1.0285,1.06225106049322
1.029,2.26914787523478
1.0295,1.90842235631788
1.03,-1.93272700896837
1.0305,1.17083263450965
1.031,-2.95448939294825
1.0315,-4.67483111332189
1.032,-2.55318712647296
1.0325,2.29022622805156
1.033,2.51845757077685
1.0335,-2.42430634146378
1.034,3.44239569824102
1.0345,-0.893982504239148
1.035,0.543652368476391
1.0355,0.44483429983196
1.036,1.02560196800131
1.0365,-1.94372581808769
1.037,1.0771485607874
1.0375,-1.73600319969633
1.038,-0.643044856596532
1.0385,0.136875877579392
1.039,-0.0194857932072047
1.0395,4.08800632370832
1.04,-3.27018462829396
1.0405,-2.12774354057075
1.041,0.774748594061735
1.0415,-3.53621899072427
1.042,-2.84026472592399
1.0425,-1.78846916405035
1.043,-2.08547241321065
1.0435,-4.09887228711985
1.044,1.64868745757406
1.0445,-0.698089262053678
1.045,0.403273877155197
1.0455,2.74850338662783
1.046,0.654111586593991
1.0465,-0.718327221817481
1.047,0.621240546548673
1.0475,0.807709440035775
1.048,-0.498449905663825
1.0485,5.18369672204725
1.049,-0.671115866257795
1.0495,-2.04043630652069
1.05,-1.67557038812698
1.0505,2.74143900986666
1.051,2.0490810281174
1.0515,0.771742636581706
1.052,1.12792699102759
1.0525,-2.85333873178258
1.053,1.42893466674276
1.0535,-1.16180508092327
1.054,-0.198406736972484
1.0545,-3.04260699210878
1.055,-3.4255731655686
1.0555,1.72242865752706
1.056,-1.6120332922475
1.0565,0.310084358764376
1.057,1.66462821997758
1.0575,-0.67330145744728
1.058,0.223143965963269
1.0585,0.426998863147991
1.059,-1.1811683425277
1.0595,-1.27414891717112
1.06,-0.718700104690409
1.0605,-1.27102474489307
1.061,1.80120316294043
1.0615,0.911242780230721
1.062,-1.84060322680212
1.0625,2.15975699241945
1.063,2.27631310926836
1.0635,4.90098755000969
1.064,0.730041695223505
1.0645,-0.225989092673143
1.065,-3.28696658506299
1.0655,3.36022078410083
1.066,-3.07811961064885
1.0665,3.83789422861072
1.067,0.802994722006323
1.0675,2.85280662236085
1.068,-3.10314698756944
1.0685,3.13347035507494
1.069,4.39003966905687
1.0695,-0.0336477579300015
1.07,-3.19478268492547
1.0705,-2.67229216580964
1.071,0.549580978908663
1.0715,-0.48425335012015
1.072,3.41566862545118
1.0725,-0.337079897101076
1.073,-0.467847176957787
1.0735,0.456752948687869
1.074,1.98363747332224
1.0745,2.63618983341346
1.075,1.35416145437657
1.0755,2.47166857476243
1.076,-4.6291799098777
1.0765,-1.66757197219872
1.077,0.263554397667296
1.0775,-0.589388029457921
1.078,2.25022430898166
1.0785,-1.09479661658754
1.079,5.55761425527959
1.0795,0.19990199496047
1.08,0.334328732680233
1.0805,0.964128151533249
1.081,-3.70104788224835
1.0815,-2.09853283472364
1.082,-2.0933347586946
1.0825,4.23254311308706
1.083,1.40343580769518
1.0835,1.55214791258877
1.084,0.696762702301354
1.0845,-0.226931605487946
1.085,1.95982225507113
1.0855,-1.27788223440758
1.086,0.873189152780102
1.0865,0.177696367270251
1.087,-2.29565717335541
1.0875,-2.8858890049308
1.088,-3.35790523710655
1.0885,0.314545125255908
1.089,1.11459331694888
1.0895,1.08025697496089
1.09,1.13374946879737
1.0905,-1.97699738066276
1.091,-0.196286705031637
1.0915,-1.32261961119198
1.092,1.04436266894293
1.0925,-2.25131988961838
1.093,-1.92001892354819
1.0935,-1.65286700815983
1.094,2.50435865726065
1.0945,0.389413352282225
1.095,0.472185711786088
1.0955,-1.73368325710577
1.096,0.399207600007825
1.0965,3.39783796799933
1.097,1.81450298132262
1.0975,1.14383074091742
1.098,-1.45481735805693
1.0985,-0.449716696662013
1.099,-1.079700600958
1.0995,3.26511720023032
1.1,0.993601167173714
1.1005,1.05087293505724
1.101,0.216915101251358
1.1015,-1.64866399310307
1.102,1.15361663849863
1.1025,2.17929078393837
1.103,0.958824791024873
1.1035,-0.841473206811278
1.104,-1.05161878967491
1.1045,-1.84229522125795
1.105,-3.39147562260242
1.1055,-0.802308362727494
1.106,-0.085807458948318
1.1065,1.15603185448974
1.107,2.42846820169666
1.1075,2.84066497111058
1.108,-2.72109617301188
1.1085,-1.2792715170078
1.109,2.76985773992391
1.1095,-0.425380038766496
1.11,-1.55563949383071
1.1105,-2.09534662521276
1.111,-1.61443579022032
1.1115,-0.486522550083353
1.112,1.69803994023057
1.1125,-0.0492100792850907
1.113,1.46603701505217
1.1135,-1.20366808038396
1.114,2.67742028284265
1.1145,1.53165886556117
1.115,-0.589302673490985
1.1155,0.886641535301584
1.116,3.30942897267597
1.1165,0.742760668597985
1.117,-0.150682608492942
1.1175,-0.991288468131522
1.118,-0.0435047239099027
1.1185,1.2417517849983
1.119,-1.22612805459879
1.1195,4.69070907218344
1.12,0.271558674584996
1.1205,-3.02395626300714
1.121,-0.668941238825285
1.1215,2.43218616598632
1.122,2.47515253208657
1.1225,-0.0704083038571303
1.123,2.57892809953096
1.1235,-0.510679928988489
1.124,1.1825070165395
1.1245,0.29939725721151
1.125,1.96799072556486
1.1255,-0.194615750080245
1.126,4.27355738765003
1.1265,-2.84279732533355
1.127,-0.166160988767
1.1275,0.201444565463627
1.128,2.701957704223
1.1285,1.05023636743225
1.129,2.84037819113978
1.1295,3.17490856536834
1.13,4.38909456704546
1.1305,-0.0983373131508659
1.131,-1.27790311571696
1.1315,-2.27905400600751
1.132,-0.0560334063738044
1.1325,2.21237023055452
1.133,-2.7959974182151
1.1335,1.19046850829201
1.134,-1.92873335485474
1.1345,-0.295721295130311
1.135,3.77484205372638
1.1355,-0.816298663296564
1.136,0.438742218858314
1.1365,-3.39956969349558
1.137,-3.8014837300394
1.1375,1.51024204454089
1.138,-1.40840161548384
1.1385,2.02528560507446
1.139,-2.76138234399116
1.1395,1.89714144036978
1.14,0.543417288466202
1.1405,1.16883495916937
1.141,3.41239620217513
1.1415,0.193146737473997
1.142,2.07507755339995
1.1425,2.58131582487076
1.143,-4.85863297229716
1.1435,0.21438214265826
1.144,-1.67718672551042
1.1445,0.173424393675053
1.145,4.19439460032484
1.1455,-1.1913149327618
1.146,1.1647782923186
1.1465,-0.941657483707754
1.147,0.328710694841065
1.1475,-1.74437803163692
1.148,-1.75297322714563
1.1485,-1.91858931720854
1.149,0.255649498290455
1.1495,-0.654339177044078
1.15,-1.31338692235242
1.1505,1.92405818509351
1.151,2.20695120924541
1.1515,2.43623521595705
1.152,1.66916104778411
1.1525,-0.651363436190331
1.153,-1.47564954777716
1.1535,0.336608381871489
1.154,0.497090388304298
1.1545,-0.234162489827678
1.155,-0.795092344816186
1.1555,-0.89329048771256
1.156,0.765732752143286
1.1565,2.9239421504933
1.157,-1.85927238621363
1.1575,0.158492674442936
1.158,1.99519624237926
1.1585,2.35666554596316
1.159,-1.71428461726452
1.1595,-1.26662785995777
1.16,3.21846328034464
1.1605,0.99260343416425
1.161,2.17430821744264
1.1615,-2.55298359874328
1.162,-1.61449672165849
1.1625,2.92807932669754
1.163,0.686200190540801
1.1635,-1.29288333520545
1.164,0.379214209997407
1.1645,-2.16675524406734
1.165,-1.71686665303412
1.1655,-1.4833022339638
1.166,-1.33919949881842
1.1665,-4.56161991445591
1.167,-3.59768667847885
1.1675,2.69901980587495
1.168,2.81712898799571
1.1685,0.88802640211264
1.169,-3.79578825137651
1.1695,-2.24095446669649
1.17,3.65511460514748
1.1705,0.849327642221692
1.171,0.890416656666166
1.1715,-1.4973989372485
1.172,-0.216363208758255
1.1725,-1.13529274567071
1.173,3.0876771436158
1.1735,0.865861562763932
1.174,-0.0751149280970256
1.1745,-0.297121694224582
1.175,-1.82456968182956
1.1755,0.550789516850135
1.176,-0.317021071284856
1.1765,0.86487659368934
1.177,-0.689733789291005
1.1775,1.08375689280418
1.178,-0.0195816936804243
1.1785,-1.09471094097872
1.179,2.90401330762788
1.1795,3.15975201243217
1.18,-2.19411658778459
1.1805,2.58356204553416
1.181,-2.01692964855121
1.1815,-0.283165919433736
1.182,-1.49781363239808
1.1825,1.75559594239518
1.183,0.605539803384199
1.1835,-2.3717455898123
1.184,-0.667328609648044
1.1845,2.66221256281474
1.185,-1.66634210353992
1.1855,-1.24740322607682
1.186,-1.98782419418497
1.1865,-2.02216818776884
1.187,-1.81501062854258
1.1875,0.316171506317235
1.188,1.10456064219998
1.1885,2.03141604669482
1.189,-0.092525352010972
1.1895,2.38725126514267
1.19,2.25233512248318
1.1905,0.472912175341624
1.191,5.64308587152193
1.1915,1.48017472268241
1.192,2.05876048576037
1.1925,-0.0105265687817898
1.193,-2.25273561519137
1.1935,-3.34043589451557
1.194,-4.65573183101706
1.1945,1.47649555667542
1.195,1.07632435976259
1.1955,-0.259551663960723
1.196,2.13508049863002
1.1965,1.74527442424994
1.197,-3.82794583534808
1.1975,0.758358401639054
1.198,2.10892934239673
1.1985,-2.05504107007929
1.199,-1.6553201229207
1.1995,-0.472199212771127
1.2,1.63447658186531
1.2005,0.274188260060365
1.201,-1.62366321540223
1.2015,2.2336888752625
1.202,0.791609384394923
1.2025,0.275875115441695
1.203,3.02977635279793
1.2035,1.82452095328033
1.204,-0.264553543509511
1.2045,-0.64691714819029
1.205,1.06986409790789
1.2055,0.169971541675141
1.206,-1.30162439727433
1.2065,2.33227506241924
1.207,4.22042149973222
1.2075,0.567860578296174
1.208,2.59895014691976
1.2085,0.970568134419697
1.209,1.57949527600448
1.2095,-4.0329658917695
1.21,-3.1846285953143
1.2105,-3.19474181088335
1.211,2.91259593971255
1.2115,2.37460809537057
1.212,0.281564312001506
1.2125,2.60320515902284
1.213,-1.06251703820044
1.2135,3.04963824681152
1.214,1.15764289349627
1.2145,-1.65953261530182
1.215,-2.93488225012048
1.2155,-0.953583802928987
1.216,-0.574942882491179
1.2165,3.32164509525692
1.217,2.14002995676605
1.2175,0.824976641259747
1.218,-0.6314764939895
1.2185,-3.00645169407544
1.219,1.49607966015911
1.2195,1.70943266678271
1.22,-1.76386841474798
1.2205,0.957840326943353
1.221,-1.17684981354103
1.2215,-2.28010079538296
1.222,0.17590679390029
1.2225,1.52112462576705
1.223,-2.54744985279556
1.2235,0.0380100827596689
1.224,-0.102277221196636
1.2245,0.263877795459751
1.225,1.70636654546509
1.2255,0.90922511811647
1.226,-3.5521209073491
1.2265,-3.02441246135244
1.227,-2.43769859108213
1.2275,1.46971556575553
1.228,-2.20409583338097
1.2285,-3.2983691180116
1.229,0.704881451404627
1.2295,-0.751024492335569
1.23,1.68174445027627
1.2305,-2.43070010013747
1.231,-2.34591173563972
1.2315,-1.12649813006047
1.232,-1.17502557954362
1.2325,2.9132505667907
1.233,2.96117304210359
1.2335,1.22508277957238
1.234,-0.100744553682487
1.2345,3.17923966035952
1.235,3.55091405125098
1.2355,1.85159783706716
1.236,3.56561981791485
1.2365,2.55288152387586
1.237,-0.98113476483724
1.2375,1.37370790512412
1.238,-1.66948374215401
1.2385,2.12346620453695
1.239,3.38872604091143
1.2395,0.560872223393342
1.24,-0.90604193466238
1.2405,0.831803843759471
1.241,3.71736338864205
1.2415,-2.57265155054349
1.242,-1.29546003523925
1.2425,1.02349186697162
1.243,-1.17687784725277
1.2435,-2.28616393761996
1.244,-0.950680613240584
1.2445,-1.25854592896099
1.245,1.46223787042851
1.2455,-2.18635705847266
1.246,2.71797738289505
1.2465,0.28032124731643
1.247,3.17583496179675
1.2475,-2.92661075521655
1.248,-0.327374749400633
1.2485,1.19215455410957
1.249,-2.02295405369428
1.2495,1.33044222182231
1.25,-0.0932910884626056
1.2505,4.13211379263749
1.251,3.61483854746519
1.2515,-0.243518335165563
1.252,2.28402794836405
1.2525,-0.50350682948934
1.253,1.44648287089501
1.2535,1.67746489380981
1.254,1.07819549583424
1.2545,-4.84981159705216
1.255,-0.697469065203256
1.2555,0.709212784704328
1.256,-0.869943530073111
1.2565,4.20743776071548
1.257,2.16353114910607
1.2575,2.28221430548806
1.258,-0.00111449652411749
1.2585,0.956377855563808
1.259,0.635395494426332
1.2595,0.769552667962108
1.26,-0.365692225938323
1.2605,1.14395105122031
1.261,-1.13608587101453
1.2615,0.26537489121205
1.262,1.33016042476785
1.2625,2.73817594491611
1.263,3.84363480436751
1.2635,5.13476489085834
1.264,0.96801422917973
1.2645,-2.54753184537766
1.265,-0.560172777377498
1.2655,2.43578771054608
1.266,-4.37109545610843
1.2665,-0.800299544144268
1.267,2.79551048538766
1.2675,3.79894488091207
1.268,-0.812333007575573
1.2685,4.31149543771693
1.269,2.36546369797424
1.2695,-2.42980220947931
1.27,-0.401494774401765
1.2705,0.854988210582763
1.271,-5.54127619206215
1.2715,-0.69711207159503
1.272,0.750023772653965
1.2725,-2.67671783233897
1.273,-0.851748291312125
1.2735,-2.36698216498169
1.274,-0.124156645334607
1.2745,3.75906091991717
1.275,-1.31218822884619
1.2755,-0.609205685823546
1.276,-0.298897644862643
1.2765,-3.4378880619953
1.277,1.77420087774324
1.2775,-0.214312218032001
1.278,-1.83406063544677
1.2785,1.37889373891526
1.279,-1.47474378708153
1.2795,3.98544804587594
1.28,0.573131217715746
1.2805,4.42452020708572
1.281,1.21015768331776
1.2815,-0.339022855193825
1.282,2.17354283653184
1.2825,1.77765365466486
1.283,-3.22729878444772
1.2835,1.03876546417364
1.284,0.558037104052913
1.2845,2.11838704136025
1.285,1.65400196543598
1.2855,-5.00584904425487
1.286,1.45474413315288
1.2865,1.68079797661174
1.287,-1.1913961614794
1.2875,1.14725551589199
1.288,-3.28923601345159
1.2885,0.652213537710086
1.289,0.809406457624947
1.2895,1.98079015420777
1.29,1.7195427991502
1.2905,0.884053618055508
1.291,-1.87472995709049
1.2915,0.638805855788794
1.292,0.00414988592892024
1.2925,0.083201899895911
1.293,1.89190885165562
1.2935,0.234792343018731
1.294,3.60395201429028
1.2945,1.76998504090221
1.295,-0.306798149608059
1.2955,1.99909278223619
1.296,4.31002641170641
1.2965,5.4173493534602
1.297,-0.691224858058551
1.2975,0.863280538555761
1.298,-2.10812056300553
1.2985,-4.83189527069912
1.299,-0.0626352485349528
1.2995,-2.12898448739349
1.3,0.976740602018069
1.3005,3.1614244793037
1.301,-0.241801034440102
1.3015,1.2652345823874
1.302,0.73473237482325
1.3025,1.20456030829552
1.303,-2.8362273093987
1.3035,-1.16260978064268
1.304,-1.77201230149196
1.3045,-2.24854519366423
1.305,-0.641370145375067
1.3055,0.739295273568757
1.306,0.77579789893287
1.3065,1.62149381953006
1.307,5.55772364202269
1.3075,2.60880896672676
1.308,1.36458960069969
1.3085,-2.33619737079069
1.309,-1.4382205133946
1.3095,-0.852059480204896
1.31,1.6388403299538
1.3105,0.799989220677445
1.311,3.103029721581
1.3115,2.74481647641788
1.312,-0.367825717205538
1.3125,0.399165665990472
1.313,-1.87129762802786
1.3135,2.63657298471364
1.314,1.26922882174952
1.3145,2.37534516790268
1.315,-1.54262277880483
1.3155,-1.2500506729475
1.316,2.21245191417013
1.3165,-2.11316244191141
1.317,0.476999611754143
1.3175,-1.03200844537982
1.318,-1.49266360343337
1.3185,1.41366724456999
1.319,3.79837825572519
1.3195,2.35037764187924
1.32,-1.9366193391823
1.3205,-1.85319355203088
1.321,-1.79888309958971
1.3215,1.59540611644418
1.322,-1.41234335034858
1.3225,-0.597555329552284
1.323,1.09329707006954
1.3235,2.09400114835606
1.324,3.97752501172364
1.3245,0.938957032953188
1.325,0.0023993884875817
1.3255,-0.102780722839139
1.326,-1.50648706720747
1.3265,-0.359797925735451
1.327,-0.231188610138629
1.3275,3.10630901977482
1.328,0.33542915792382
1.3285,5.6343846924533
1.329,-1.64159642856211
1.3295,0.00423072187675055
1.33,1.75614578969325
1.3305,0.155561396698003
1.331,-2.454953078647
1.3315,-1.71403781276752
1.332,-2.03304263586188
1.3325,3.69814871994075
1.333,0.783456721395251
1.3335,-2.81263334838104
1.334,-1.26503397083654
1.3345,2.31374647099988
1.335,-0.278409119331237
1.3355,-1.12582333407308
1.336,-2.83285437413532
1.3365,-1.85488928278023
1.337,-1.73343977070057
1.3375,-0.695372090130024
1.338,-2.07477056293695
1.3385,-2.52661454554389
1.339,3.93134874732663
1.3395,-0.911436729106681
1.34,3.80576778620698
1.3405,-1.32772419103434
1.341,3.06010974152671
1.3415,0.107487852251742
1.342,0.0936747619932069
1.3425,-0.446366017211582
1.343,-2.01390551778428
1.3435,-2.17416307360616
1.344,1.12744421218041
1.3445,2.0290951777037
1.345,4.7171306042125
1.3455,-0.782205787412778
1.346,0.0533742856173893
1.3465,2.09690145242729
1.347,-2.3385125213595
1.3475,-3.54901105241712
1.348,-3.82225290069141
1.3485,-1.13282179276971
1.349,-2.78434293182406
1.3495,-1.03118359853398
1.35,-3.27890386268469
1.3505,-0.554950211464467
1.351,-2.05356425818411
1.3515,3.92288095723181
1.352,-0.283619176828409
1.3525,-0.19311171164569
1.353,1.87099526494889
1.3535,0.850064353199717
1.354,-0.237119629445559
1.3545,-0.29555270885966
1.355,-0.0739679706470418
1.3555,1.98077694762696
1.356,-0.349005587547169
1.3565,3.30746398967163
1.357,1.81962260049118
1.3575,-0.178554870642829
1.358,-0.907292317944005
1.3585,-0.0634662353128116
1.359,-0.321343129383397
1.3595,3.49183050379689
1.36,3.4427082292529
1.3605,-3.43941170324528
1.361,-2.22311267571581
1.3615,-1.67715889673335
1.362,0.233568187746268
1.3625,2.41681872634314
1.363,-1.65388738752625
1.3635,-0.770082797927945
1.364,-1.56513082278624
1.3645,-5.52922143290716
1.365,-0.217865242061557
1.3655,-2.24451657464923
1.366,-5.01429185161641
1.3665,-4.07907890130601
1.367,-1.48112885191504
1.3675,-0.464851480054928
1.368,-1.85916154130992
1.3685,4.37678560772642
1.369,-2.11248406157702
1.3695,-0.355002986933099
1.37,0.643005695664361
1.3705,-2.65377052970053
1.371,1.6023259363115
1.3715,-0.297887249678426
1.372,1.82173651181525
1.3725,2.42211329104023
1.373,2.16945116638487
1.3735,3.91138968377486
1.374,3.53349495669126
1.3745,2.18423096179094
1.375,-0.434858080015274
1.3755,0.0109355192216883
1.376,2.38299953104918
1.3765,-2.81721701205826
1.377,-1.0445110874648
1.3775,0.0286330178437565
1.378,2.0315608313054
1.3785,1.58904929434552
1.379,-0.682919764452447
1.3795,-2.79190699988573
1.38,2.67453289398429
1.3805,-1.5132659276574
1.381,0.705261208568102
1.3815,1.11691971849025
1.382,-0.990422770166668
1.3825,0.702983102047099
1.383,-4.21681738565719
1.3835,-3.62172452036582
1.384,1.33483076834937
1.3845,0.740047146608566
1.385,4.49335749596959
1.3855,0.659895541670261
1.386,-1.07252994463567
1.3865,4.45994012286888
1.387,5.96250082344455
1.3875,1.22972426087508
1.388,-0.259865335316748
1.3885,-3.08823541863676
1.389,-0.786941408862924
1.3895,3.0072945306119
1.39,1.45052481640792
1.3905,2.23292492153911
1.391,2.04547814943174
1.3915,2.86231054339078
1.392,0.555791260577844
1.3925,0.554666380471525
1.393,-0.145738913435345
1.3935,1.88620911494359
1.394,-1.16423686876791
1.3945,0.231210139435789
1.395,-0.0123419693665857
1.3955,1.91259494686646
1.396,2.30747569421023
1.3965,1.89875173671291
1.397,0.21865967012218
1.3975,-3.48099185860108
1.398,-1.96721916640251
1.3985,-1.04631953487486
1.399,2.36844067443195
1.3995,-2.69459335447611
1.4,0.367234304295178
1.4005,-3.87930393378031
1.401,0.794377697429626
1.4015,-0.0516190422557445
1.402,0.346692331171713
1.4025,0.648583915536965
1.403,3.08980709792381
1.4035,-5.12652040525343
1.404,2.89854768423398
1.4045,2.38734778277042
1.405,1.08121797483817
1.4055,-3.66515613249224
1.406,0.890138413377937
1.4065,3.26105464185082
1.407,1.26581246591655
1.4075,-0.407778005881003
1.408,-0.280195642165851
1.4085,-0.1815484025972
1.409,-0.948798070043275
1.4095,-2.58326467236715
1.41,-5.1866936710948
1.4105,-2.48683882852407
1.411,-3.35196383068172
1.4115,-0.663022215992544
1.412,3.38021267288464
1.4125,0.0111970840317662
1.413,1.39337673906285
1.4135,-0.0946742957014325
1.414,-1.74592896103687
1.4145,1.33199097441035
1.415,-3.53702143070144
1.4155,2.86233751980845
1.416,1.23714610933046
1.4165,0.382498405561785
1.417,0.95078578281116
1.4175,3.17871088829259
1.418,1.85140751017977
1.4185,0.992196309312564
1.419,1.30793606264162
1.4195,0.22404695890218
1.42,4.38532064439561
1.4205,0.556115183846312
1.421,-0.830930157643601
1.4215,3.18857856890571
1.422,0.716096591186856
1.4225,-1.65589851485697
1.423,2.17331134519398
1.4235,-1.47214525068698
1.424,1.85023501251456
1.4245,-0.367142165015702
1.425,-2.79367736112707
1.4255,-0.61446584057354
1.426,0.0102338207640083
1.4265,-2.02947690429886
1.427,-0.0131736097097437
1.4275,-1.65257436015444
1.428,-0.490293235938707
1.4285,-0.829530656779789
1.429,-0.416422311786394
1.4295,1.33288977857845
1.43,1.72329942798612
1.4305,1.28483545733745
1.431,0.833375500915686
1.4315,-0.853857486649859
1.432,0.575695309482645
1.4325,4.30719848971254
1.433,0.508080491148673
1.4335,-1.97947813789366
1.434,6.34681586988809
1.4345,1.67464361806761
1.435,3.63174434325387
1.4355,-0.0405429756965785
1.436,-0.483540541402102
1.4365,-1.59010334157984
1.437,-1.3287193594216
1.4375,-0.0589336524302519
1.438,-3.74871666879152
1.4385,-0.101229261422163
1.439,1.57875726597523
1.4395,1.55548901684563
1.44,2.31562811015269
1.4405,2.36725966995976
1.441,1.32787823464561
1.4415,-3.52007134671388
1.442,-4.09154377638861
1.4425,-3.16580139297499
1.443,-4.68398565336657
1.4435,-2.97391805014447
1.444,0.167786597147816
1.4445,1.5771337716606
1.445,1.09927768150443
1.4455,2.28407929250338
1.446,-0.372220909465098
1.4465,1.50008658789418
1.447,-1.8304212125279
1.4475,0.94678919112916
1.448,-1.81244211139189
1.4485,-2.36518487906537
1.449,2.22151941801035
1.4495,-0.871252733314908
1.45,4.48270732729102
1.4505,1.30352376216439
1.451,0.298545148579562
1.4515,0.8402882274957
1.452,-0.29344185361763
1.4525,1.72910956783554
1.453,0.722780304475842
1.4535,1.56810777498228
1.454,0.377102554609464
1.4545,-3.62265068530607
1.455,-0.497758768372459
1.4555,-2.31152629381049
1.456,-0.137797434563513
1.4565,-0.00262014828426427
1.457,0.768563905920359
1.4575,-2.55507176467904
1.458,0.5403497673313
1.4585,1.89612600036321
1.459,-0.749544431552255
1.4595,-2.0009779203024
1.46,3.40400168856704
1.4605,-2.85338391599157
1.461,1.98716199146851
1.4615,-0.145913362850045
1.462,1.77205608593571
1.4625,0.401616477620643
1.463,-0.775578943640073
1.4635,3.51498322087427
1.464,5.2610672707691
1.4645,-0.649574789663469
1.465,3.10161431833234
1.4655,1.01208876245626
1.466,-0.591631052194638
1.4665,0.709517496358874
1.467,1.28934535893416
1.4675,0.366272508776455
1.468,2.55675226145335
1.4685,1.24274990769487
1.469,2.00603478534849
1.4695,0.314397933326948
1.47,-0.731954339152236
1.4705,-0.669355662294516
1.471,0.111660067816262
1.4715,-2.43297828403059
1.472,-0.670838908271324
1.4725,-0.0516765684031208
1.473,-0.389733304712414
1.4735,2.51342950707629
1.474,1.33287792933425
1.4745,1.35983165244313
1.475,-1.83187763907089
1.4755,0.00132059326080702
1.476,1.24808794591915
1.4765,-1.93768168384752
1.477,-2.68797825147781
1.4775,1.44106773346456
1.478,-1.57706929113975
1.4785,0.339792204286225
1.479,0.722180828222858
1.4795,3.96452360042798
1.48,-2.0831703172557
1.4805,-0.863615447790047
1.481,0.831777816239717
1.4815,1.353785242863
1.482,0.157272330830913
1.4825,2.66024305545343
1.483,4.38255508290316
1.4835,1.58205065832405
1.484,0.53834875158457
1.4845,3.85654186211055
1.485,2.39169229821817
1.4855,4.52621784015315
1.486,0.439035874709618
1.4865,-1.84169690090053
1.487,-2.3446925087079
1.4875,-2.7989166121204
1.488,-1.57836961648181
1.4885,-0.265953992630217
1.489,-2.80732715891487
1.4895,-1.71877516944601
1.49,1.84295368830603
1.4905,1.12203737579457
1.491,1.13336577393844
1.4915,-0.258569958075254
1.492,1.66607308599708
1.4925,-1.19950510674646
1.493,-0.776038740482778
1.4935,-0.25738699398219
1.494,-6.11132274729531
1.4945,3.7839595525838
1.495,4.85164006793956
1.4955,1.76759482542517
1.496,5.04040313748555
1.4965,-2.96002942825385
1.497,0.280486765529026
1.4975,3.18755518278904
1.498,-0.643274865994353
1.4985,-1.75052930290347
1.499,1.67700023124323
1.4995,3.00796797254127
1.5,0.124218929182918
1.5005,-0.167582184178588
1.501,-1.18859726595934
1.5015,1.83411010695854
1.502,-5.15339272060259
1.5025,-4.85240891476334
1.503,4.66205505636041
1.5035,-0.527086888062305
1.504,-3.13378601336648
1.5045,-1.4776165068426
1.505,3.45352005038344
1.5055,-1.41377928278732
1.506,-1.34236424829625
1.5065,-2.00905632581421
1.507,0.205081567622842
1.5075,0.457039634262784
1.508,0.945509821741094
1.5085,-0.6602915917531
1.509,-0.806334033385667
1.5095,0.236883582529924
1.51,1.72010883765091
1.5105,0.241535979762885
1.511,1.75624129543996
1.5115,-0.121285954471626
1.512,-1.18471203911868
1.5125,2.42184728387296
1.513,2.08862999436842
1.5135,0.528176211603523
1.514,1.44549702860541
1.5145,1.20635603455154
1.515,-0.806171485098861
1.5155,1.984315957873
1.516,-1.89030468265829
1.5165,0.193493525243402
1.517,0.556716794573885
1.5175,0.738072464217516
1.518,1.75876252186959
1.5185,1.68316823200193
1.519,1.91345451820688
1.5195,-0.582793513247986
1.52,-4.33558574717382
1.5205,-3.17771916773082
1.521,-0.561272123296028
1.5215,0.0888503456133523
1.522,1.97185985750951
1.5225,0.878385406295476
1.523,-1.97825775383118
1.5235,4.03535612103774
1.524,0.802053198318509
1.5245,1.51766250576849
1.525,2.99350554211411
1.5255,-1.57370026773433
1.526,0.186147737881888
1.5265,-2.08140408312119
1.527,2.99626745053001
1.5275,1.55489751614648
1.528,1.87738595331263
1.5285,0.513545603042047
1.529,1.19814856856642
1.5295,1.12658644822589
1.53,-1.68354274597256
1.5305,-3.5914700729338
1.531,-1.58921358997639
1.5315,-1.54640510566247
1.532,-0.768172312962001
1.5325,-1.75894517735129
1.533,-2.02695531477045
1.5335,-3.26156634031695
1.534,0.682584269906956
1.5345,-1.09993667767792
1.535,2.25208735005428
1.5355,1.34452199802491
1.536,-2.16855518931525
1.5365,-0.116864358652166
1.537,-2.62578959555274
1.5375,-0.465429354404903
1.538,0.467352286828115
1.5385,-2.07054277653617
1.539,2.42544934077319
1.5395,-1.41085029616662
1.54,1.20569443039823
1.5405,1.40155298803102
1.541,0.424261045294051
1.5415,2.55644627138311
1.542,-2.04104605467273
1.5425,-1.62115700470995
1.543,-0.745702625234727
1.5435,-0.243021906739955
1.544,0.840065820998826
1.5445,-0.793709646501029
1.545,2.20240810746228
1.5455,-0.0663500696393058
1.546,-4.68113589204757
1.5465,3.08282540392636
1.547,-5.48070413640175
1.5475,1.67835471769951
1.548,-5.55423066950992
1.5485,0.574479545516398
1.549,-1.35779881849843
1.5495,-4.41502738731031
1.55,-0.519962585208244
1.5505,-0.439687117950516
1.551,-0.750299868316023
1.5515,-2.98339055472402
1.552,-1.27897949695724
1.5525,1.9880796923559
1.553,1.57523469787762
1.5535,-0.455264242537398
1.554,-2.63576599778522
1.5545,-0.332455548790745
1.555,-2.28167035175166
1.5555,-0.208387507895909
1.556,0.243725720699391
1.5565,0.58801343862235
1.557,0.106610426665432
1.5575,0.748619819334759
1.558,-1.12645869679198
1.5585,1.19734977352266
1.559,0.861228661603496
1.5595,1.24375868609054
1.56,0.358487257031274
1.5605,-1.15119793141351
1.561,-1.17122805226001
1.5615,-1.46887472537244
1.562,-1.44938531661516
1.5625,-2.03123210679476
1.563,-4.2496309636381
1.5635,-1.15170882698418
1.564,-3.16533498177284
1.5645,-2.12061161758308
1.565,-5.82600193700966
1.5655,-4.9598468329172
1.566,-1.55430479332339
1.5665,1.83022830699381
1.567,-3.32991935072059
1.5675,2.76163666790168
1.568,-2.2847537420991
1.5685,2.53545623260535
1.569,2.80775708391053
1.5695,1.46302445384753
1.57,-1.77916864402261
1.5705,-0.233530653039897
1.571,-0.880977166062908
1.5715,-1.43107142869259
1.572,2.22155503707099
1.5725,-0.511489386037371
1.573,1.64561087591325
1.5735,4.37198317306233
1.574,-0.900460894980065
1.5745,1.65641743391356
1.575,1.29691603567603
1.5755,0.00234570747196458
1.576,-2.91138185948229
1.5765,-0.84610406563137
1.577,0.218004543392258
1.5775,-6.03888877874369
1.578,-0.400121061858577
1.5785,-0.476071087398753
1.579,-2.5331214743553
1.5795,-2.49856183214139
1.58,-5.22782006286199
1.5805,-0.482034424904921
1.581,0.775164744034181
1.5815,-1.19618649425613
1.582,-2.41315269780863
1.5825,-4.02231118943432
1.583,-0.600853812194038
1.5835,3.70972284078083
1.584,1.96125180067835
1.5845,-2.69329771237924
1.585,2.27318134036044
1.5855,2.35966672888348
1.586,1.12215012031084
1.5865,0.587763467083076
1.587,-2.15417911320844
1.5875,-0.324966263473282
1.588,-0.98120453899341
1.5885,0.841367226140419
1.589,0.877073555950116
1.5895,1.43095034444427
1.59,3.23779973904789
1.5905,1.20372551370727
1.591,0.969776998577758
1.5915,-0.983133718216882
1.592,-2.62514073074764
1.5925,2.97097826632095
1.593,2.41495143482518
1.5935,-1.27079170606386
1.594,-0.919181263966746
1.5945,2.97348372493944
1.595,5.6111678429796
1.5955,0.269326308218993
1.596,3.82171282919059
1.5965,0.499410786733738
1.597,-2.55700558693288
1.5975,0.768852651448741
1.598,-3.49450387526336
1.5985,0.41699009260016
1.599,-4.78883940197014
1.5995,-1.20405858445505
1.6,-2.12861999299803
1.6005,2.70346399101353
1.601,2.93636876132437
1.6015,3.11724077831241
1.602,0.370326830637138
1.6025,5.39697596154245
1.603,1.25678996901832
1.6035,-0.720291816413645
1.604,-3.9985556829001
1.6045,-1.12742521900329
1.605,2.59318733034112
1.6055,3.04849273990987
1.606,0.845083920759979
1.6065,-1.73302909121
1.607,0.137663713798742
1.6075,-0.367603552876636
1.608,-0.0352865592943835
1.6085,2.0605976524197
1.609,1.57795802251318
1.6095,-1.69359165921011
1.61,-3.54664837970765
1.6105,-1.29303222061776
1.611,0.877896964398365
1.6115,-0.612935837735018
1.612,1.8015497593107
1.6125,-1.04655753977884
1.613,-2.1157902393491
1.6135,-1.87094429630064
1.614,1.86915140317123
1.6145,0.084818694537422
1.615,-2.52245452587663
1.6155,0.607642079837984
1.616,-0.00905500594015918
1.6165,0.883639025828496
1.617,-1.13826715149104
1.6175,0.456130557099916
1.618,3.16262443717912
1.6185,4.94976590550185
1.619,2.67936098299496
1.6195,0.573056420014638
1.62,-2.91710035079454
1.6205,2.56218727516089
1.621,-2.21228174634507
1.6215,1.92111410488423
1.622,-0.473518303519519
1.6225,0.401808148538624
1.623,-1.18447609395552
1.6235,-0.664938399506292
1.624,-0.988845210086706
1.6245,2.65583099275452
1.625,-3.89301637099171
1.6255,-0.21401923907482
1.626,-3.27966664555756
1.6265,-2.99018743439866
1.627,1.17066278528913
1.6275,-1.27560149850079
1.628,0.00173935010153076
1.6285,1.59493162838867
1.629,-0.3971219830241
1.6295,2.58875278076303
1.63,-0.497107607000059
1.6305,-1.19255116875957
1.631,-4.57492404189082
1.6315,1.01548781167998
1.632,0.649801272488646
1.6325,0.290509695414998
1.633,0.315129710884291
1.6335,0.102471350139567
1.634,0.952080679659185
1.6345,0.318263686210503
1.635,1.64001227480137
1.6355,0.89578819205095
1.636,1.31128888367676
1.6365,0.412991300129611
1.637,2.33721811489233
1.6375,-0.93805892618566
1.638,2.28108846160138
1.6385,1.39703024425214
1.639,3.76839253620568
1.6395,-2.32501001605852
1.64,-2.68773892107534
1.6405,-4.92225156514538
1.641,-2.0245984469518
1.6415,-1.396900945653
1.642,-1.03708968522385
1.6425,-1.12422860423771
1.643,-0.894143228678525
1.6435,0.695051382601473
1.644,1.09710959660007
1.6445,-1.61189500927244
1.645,2.04658336477801
1.6455,-0.826513687746023
1.646,2.49262955697162
1.6465,2.89904024471935
1.647,-1.72153490345998
1.6475,-6.40702935466487
1.648,0.119982319192799
1.6485,-0.117704291030252
1.649,-2.78834059144967
1.6495,0.859206283444637
1.65,-1.49403874934422
1.6505,1.21691219649387
1.651,0.591150864568759
1.6515,0.950986244836173
1.652,1.53660577084473
1.6525,3.60698280615727
1.653,-0.00759311491818389
1.6535,-4.6736176901341
1.654,0.266045166251403
1.6545,-1.27041778840754
1.655,-3.03879296984284
1.6555,-4.20159231247793
1.656,0.730387697453523
1.6565,0.341950951416417
1.657,-0.991012278588518
1.6575,2.80118005988714
1.658,-1.81618147876814
1.6585,1.39605633778353
1.659,-4.43281668765933
1.6595,4.24627756738471
1.66,-3.00620404458942
1.6605,0.270865802158561
1.661,0.0495908363870428
1.6615,2.98943528367587
1.662,0.246151465602905
1.6625,-1.14117701674878
1.663,0.372543860932244
1.6635,-0.0347454478931155
1.664,-1.54477903891444
1.6645,-0.967903871098462
1.665,-3.39591233472928
1.6655,0.18911923845548
1.666,1.3928029397305
1.6665,-0.492653858959824
1.667,3.07626279179535
1.6675,-1.70128278418074
1.668,-0.725011087434591
1.6685,1.71382801995815
1.669,0.741400046322586
1.6695,-0.525089204863435
1.67,-1.55853925880688
1.6705,1.06428298159371
1.671,-1.10411648788676
1.6715,-0.475978818332929
1.672,-4.56219128317997
1.6725,4.23439613242848
1.673,4.79512832796269
1.6735,1.15098130411179
1.674,-1.92080283170495
1.6745,-0.892445055016867
1.675,1.10118996530432
1.6755,4.20544942585136
1.676,-3.0401406778137
1.6765,0.259338143193077
1.677,-4.32020216464746
1.6775,4.16466666643854
1.678,0.379309831166493
1.6785,2.55253913380004
1.679,0.0228197293787513
1.6795,0.609359615102995
1.68,-0.678596066306758
1.6805,-3.64062005855392
1.681,0.0763153039537931
1.6815,-4.21135637140438
1.682,2.92600992108415
1.6825,1.65751235146217
1.683,-0.00298272396618328
1.6835,-0.582838692303084
1.684,-0.821015978150943
1.6845,3.02002995487107
1.685,3.3474739633715
1.6855,0.694742342612094
1.686,-0.679613193701036
1.6865,1.51310673162159
1.687,-3.99989077898811
1.6875,-0.214534287430029
1.688,-3.19604443778045
1.6885,-0.338044231627342
1.689,-2.64420246087079
1.6895,-0.825955412458092
1.69,1.51050347738194
1.6905,-0.104551420381422
1.691,-0.0102056489987045
1.6915,-4.15882733984699
1.692,-1.62879642230232
1.6925,-1.99180446934224
1.693,-2.07292886425006
1.6935,1.43454017918062
1.694,-1.88393919306283
1.6945,-3.23146617606799
1.695,-0.662121119009036
1.6955,2.71945344867005
1.696,5.855277240661
1.6965,-0.0611683933032325
1.697,-2.166964817903
1.6975,0.0509100890369764
1.698,2.22840650969721
1.6985,5.018422504508
1.699,-0.329830237254687
1.6995,-0.383086160547613
1.7,0.834813586331746
1.7005,3.27420254366493
1.701,1.09350107433444
1.7015,-1.2692837429627
1.702,2.11569021745087
1.7025,-0.717798771540854
1.703,0.931892424207525
1.7035,0.528825205088161
1.704,-1.40157919412388
1.7045,-2.79312476379918
1.705,-1.23881243055152
1.7055,-0.44431336009561
1.706,1.63605222173288
1.7065,3.21958026251701
1.707,3.2442935592871
1.7075,3.1782391159418
1.708,3.29238400258237
1.7085,-0.421549767305023
1.709,-2.15677970103486
1.7095,-0.46422748891991
1.71,-1.77404095991696
1.7105,-0.848503443927347
1.711,-0.514061518151446
1.7115,3.18698422228624
1.712,0.916359108278693
1.7125,2.95732572104987
1.713,6.55002944816713
1.7135,1.48109355821921
1.714,0.939010437442113
1.7145,2.56981758385219
1.715,-4.63795657745156
1.7155,-0.674943026254356
1.716,-0.632339883850664
1.7165,-0.581222152639625
1.717,-1.11167883609431
1.7175,-0.0249838062792493
1.718,1.7932110539767
1.7185,-3.35118409204248
1.719,-1.44943244565131
1.7195,-0.256765163765054
1.72,-3.43953335649574
1.7205,-2.57723810143649
1.721,1.19257911991792
1.7215,0.74783297680059
1.722,-0.660287463354442
1.7225,0.678530786381027
1.723,-1.57342976688833
1.7235,0.984653980585622
1.724,4.87629737628139
1.7245,2.64857546307301
1.725,0.697208366541033
1.7255,-0.0516319755445376
1.726,2.45199795801166
1.7265,-3.43363454949225
1.727,-2.21536393401315
1.7275,3.07270677230732
1.728,2.75660868604847
1.7285,1.62541669717622
1.729,0.699242915169973
1.7295,0.347682493556963
1.73,1.78966704532588
1.7305,-5.6438129335803
1.731,0.389523882516247
1.7315,-4.50243660857048
1.732,-3.19235780411625
1.7325,-3.78413598657498
1.733,-2.57595290155816
1.7335,1.51227364936911
1.734,0.288184217638188
1.7345,1.85401420372257
1.735,1.05323166186844
1.7355,-3.3026543266241
1.736,-0.825297129665778
1.7365,-1.05006413945501
1.737,-2.07306370975007
1.7375,-2.38637410177277
1.738,-0.634820830713353
1.7385,0.46375299203318
1.739,1.40370937305337
1.7395,-2.06635158463547
1.74,0.489581930022123
1.7405,3.47413353874081
1.741,0.41895372521453
1.7415,-1.28029521850776
1.742,2.75062720791532
1.7425,0.156199279343875
1.743,1.29220704301334
1.7435,-0.606167874282221
1.744,1.79686142051834
1.7445,-1.98458037545956
1.745,2.97745054551917
1.7455,0.714897299118034
1.746,-0.393771156130279
1.7465,-1.34995881845607
1.747,0.0556485250971685
1.7475,-2.65794314234478
1.748,-4.96620790166298
1.7485,0.428069118674939
1.749,1.68360609858383
1.7495,-3.89425729765734
1.75,-0.185607940461942
1.7505,0.678812567328848
1.751,1.77487249687553
1.7515,0.547275398415857
1.752,0.567561739233717
1.7525,0.6592111169885
1.753,-3.58646121664743
1.7535,-3.25454847657095
1.754,-2.76213259173445
1.7545,-0.752789712309148
1.755,1.51138437646243
1.7555,1.69341427201474
1.756,2.34758660650917
1.7565,2.80087184036103
1.757,-0.499897482607557
1.7575,6.20303010766936
1.758,0.658701141667922
1.7585,-1.35506252403284
1.759,-0.404988016171587
1.7595,-0.140324725023755
1.76,2.76492626448519
1.7605,-2.81141375504358
1.761,-1.02143817907612
1.7615,1.69019491839914
1.762,-1.90230053773219
1.7625,2.36579289219372
1.763,0.24980142438077
1.7635,-2.77521663868305
1.764,-2.59489295798369
1.7645,-3.37483247725067
1.765,1.15353429409812
1.7655,1.15971315851499
1.766,-3.06833572019951
1.7665,-0.768418617478631
1.767,3.06705115023718
1.7675,0.866230126510182
1.768,1.85413664558088
1.7685,1.82671764407489
1.769,0.99130275036859
1.7695,-0.412585100677288
1.77,-0.372325092962707
1.7705,-3.88440019070755
1.771,1.55004147863592
1.7715,-2.48425626906364
1.772,0.62153735599816
1.7725,0.490399905250126
1.773,6.42095176669131
1.7735,1.17703204521503
1.774,2.54501154969164
1.7745,4.299553043038
1.775,-3.31229473187147
1.7755,1.92022112288668
1.776,1.24647863486208
1.7765,1.22479678642844
1.777,-0.901884932134787
1.7775,-0.664456958730558
1.778,0.92219841428385
1.7785,-1.37176749131138
1.779,-1.98565252162726
1.7795,0.849349464010094
1.78,2.41862186233578
1.7805,-0.305414306113673
1.781,-0.762125012848753
1.7815,-0.553554157291015
1.782,-3.39679709883428
1.7825,-2.54185481431935
1.783,-2.294007555208
1.7835,-1.47144087694572
1.784,0.34336621977622
1.7845,-1.65705093889943
1.785,1.6496086621392
1.7855,-0.692194430380869
1.786,1.23685067197058
1.7865,-2.33458542643222
1.787,-0.594035783125585
1.7875,1.23283371509739
1.788,-0.864301124472816
1.7885,2.07045896321604
1.789,0.218679733982502
1.7895,-1.68990956522457
1.79,-0.501886544535659
1.7905,0.016577607346711
1.791,4.25045736697601
1.7915,2.32038613812457
1.792,-2.42083779338172
1.7925,-0.119465528039716
1.793,-1.66104682725337
1.7935,-0.967218669097483
1.794,0.869185521843007
1.7945,-5.81271465616341
1.795,-0.847488671405984
1.7955,-0.0611580192440477
1.796,0.124485303342814
1.7965,-0.226592904154792
1.797,-1.46788107977096
1.7975,-3.87287801666425
1.798,0.757255100248067
1.7985,-3.23431600216629
1.799,0.511970038746727
1.7995,-4.07523538730505
1.8,-0.56710591631462
1.8005,1.18309890812291
1.801,0.830772168357943
1.8015,1.47654945122474
1.802,3.68666311223999
1.8025,1.17061629981333
1.803,0.143431294038003
1.8035,0.0517896450614198
1.804,-3.27154510553425
1.8045,0.0828814376840161
1.805,2.66117742722532
1.8055,-0.902944485699255
1.806,3.82862591483491
1.8065,-0.0620099495764925
1.807,3.05688817081996
1.8075,-0.399424042959409
1.808,-0.0543045654048092
1.8085,-0.807697037456923
1.809,0.440855606304304
1.8095,0.507006035154729
1.81,-2.74736505826797
1.8105,-1.85158995710645
1.811,-1.25350091852406
1.8115,-1.14833857983289
1.812,-0.642520619042396
1.8125,1.1340241259107
1.813,-0.799433666785056
1.8135,1.60923204738384
1.814,-1.15341963573087
1.8145,-2.40440856485815
1.815,-2.66821674768603
1.8155,1.6031873467513
1.816,-0.148658361935874
1.8165,0.0589306816274728
1.817,-0.570056378283052
1.8175,1.44081829343213
1.818,0.687563336941502
1.8185,-2.47269374201956
1.819,4.54205822334019
1.8195,3.49175406541432
1.82,0.336901308703432
1.8205,1.08017643699998
1.821,-0.0440268631383141
1.8215,1.87506341517833
1.822,0.836377545001804
1.8225,6.08422685401867
1.823,-0.889100582232184
1.8235,0.626490811367989
1.824,3.32737766619332
1.8245,2.18286813292241
1.825,-0.679398249480417
1.8255,-1.6655551560353
1.826,-0.656268050510015
1.8265,1.54038628738064
1.827,3.71540133444413
1.8275,-3.61783263381164
1.828,-1.8068463325419
1.8285,-0.427870834139697
1.829,-0.0035855225554946
1.8295,2.69637612589863
1.83,-0.196914217688574
1.8305,-0.229036757022712
1.831,-2.69871400766155
1.8315,-0.582879626212745
1.832,-0.596145647527031
1.8325,-2.14134211998385
1.833,-1.24896549564531
1.8335,0.645674372019162
1.834,-1.92654168262336
1.8345,3.22566559379345
1.835,1.9049956522749
1.8355,2.35032251426342
1.836,-5.34093529942936
1.8365,2.60696869748532
1.837,2.34473800069563
1.8375,4.12236698153727
1.838,-1.95870482899644
1.8385,2.70503961118033
1.839,0.262251899317475
1.8395,1.94582414335407
1.84,2.95942092119097
1.8405,-1.81562968024051
1.841,1.2493435236927
1.8415,-1.54146496512815
1.842,-2.18833920760597
1.8425,0.735361158447981
1.843,-0.437917907201682
1.8435,-5.26170113009001
1.844,-3.5101929399484
1.8445,0.682311401022621
1.845,-2.72842365820039
1.8455,0.590583121886635
1.846,-1.43527017930111
1.8465,1.42520820503488
1.847,1.05192452333229
1.8475,2.17366491064378
1.848,0.303851806284992
1.8485,2.22335620759495
1.849,3.74118023982087
1.8495,3.10920272347192
1.85,-0.36931624080103
1.8505,-0.520794949731295
1.851,-0.372053121779768
1.8515,1.66176672273142
1.852,0.840105375852431
1.8525,0.659956706272341
1.853,3.47043203553771
1.8535,-1.70210344222514
1.854,0.504978692287054
1.8545,-0.932075461975033
1.855,-1.24317560694218
1.8555,-2.42428242295571
1.856,1.15141123586152
1.8565,0.0145238082050126
1.857,1.74358815119419
1.8575,2.32674646589243
1.858,-1.90129446418314
1.8585,-0.856250624445845
1.859,0.249611611161001
1.8595,2.68625167523983
1.86,-3.64345951424631
1.8605,0.666337440273391
1.861,-1.73041054433516
1.8615,-0.860687862742564
1.862,-0.299391593129974
1.8625,-2.55809043214966
1.863,-2.74390803271343
1.8635,0.986829161204381
1.864,-0.648686845144507
1.8645,3.47437905246013
1.865,-2.82070769389207
1.8655,1.45886038085956
1.866,-2.17999315632718
1.8665,2.38421419869462
1.867,0.312170897281098
1.8675,-0.264320181686128
1.868,3.36283750769076
1.8685,-1.92094993380306
1.869,2.883625571538
1.8695,-2.62067377661066
1.87,-1.17517773834928
1.8705,-0.510138670360268
1.871,0.477526885176391
1.8715,0.613700978574802
1.872,-2.76475807839718
1.8725,1.50451695572922
1.873,-1.82331730836409
1.8735,-1.08696630161053
1.874,-1.46219536033754
1.8745,0.228754312141568
1.875,-4.27713718366605
1.8755,-1.30654397693491
1.876,-3.56347674665963
1.8765,-3.66178131065392
1.877,-4.76201086958462
1.8775,-1.08171023931203
1.878,0.107838342356945
1.8785,2.12195877376676
1.879,-0.590626134524447
1.8795,4.05205397902726
1.88,-1.62707706365213
1.8805,4.0084703719539
1.881,-0.155447221303453
1.8815,1.80303687902548
1.882,2.22126057536138
1.8825,1.51595268373474
1.883,-0.662838256273924
1.8835,0.710728376584805
1.884,-0.202622242893266
1.8845,1.94904058588227
1.885,3.27138774440712
1.8855,2.69126139070434
1.886,2.43850568424526
1.8865,-1.00367242627568
1.887,-1.78767497729837
1.8875,-3.17646169914599
1.888,-0.511786486400204
1.8885,2.87077327956972
1.889,-2.99050665342423
1.8895,2.25976588804786
1.89,-1.55683600263187
1.8905,1.32882033714415
1.891,1.90906265778491
1.8915,-0.0863462098351986
1.892,-0.0103337129852922
1.8925,-0.307968519216912
1.893,-1.00788110527903
1.8935,-3.04805552660516
1.894,-3.70151984670676
1.8945,-1.52133994573843
1.895,1.27782470308037
1.8955,1.08430709064787
1.896,2.77096536853958
1.8965,-1.31450259568196
1.897,-0.365367548510681
1.8975,2.26956851387974
1.898,-2.34233513415778
1.8985,-1.5014079242382
1.899,-2.27826873479922
1.8995,-2.01348439626401
1.9,-4.08485371324439
1.9005,2.2036883003586
1.901,3.76811576833181
1.9015,1.09472808455177
1.902,0.0877065327154708
1.9025,-2.27696013391336
1.903,2.14151718425428
1.9035,-2.81770151719787
1.904,-4.30444261340854
1.9045,-2.59875030969149
1.905,0.254458003059027
1.9055,-3.41018245442415
1.906,0.875880798948677
1.9065,4.33927539442988
1.907,-3.66525128361642
1.9075,4.86046402336665
1.908,-1.13198805688336
1.9085,0.161673102280336
1.909,-0.722604769503256
1.9095,2.39514632408548
1.91,-2.49338007786785
1.9105,0.155592884525897
1.911,-3.19274235269478
1.9115,0.630818867190974
1.912,-1.85268822075132
1.9125,2.17461144057205
1.913,2.69036841789166
1.9135,-2.05263191991976
1.914,1.94476918049952
1.9145,-2.84434661855934
1.915,-1.91937188112378
1.9155,-0.693941801426371
1.916,-0.768704092277041
1.9165,-0.649988711126901
1.917,-0.875321816433541
1.9175,-0.587184017875991
1.918,1.06209445951176
1.9185,1.68747749525898
1.919,2.16937084712883
1.9195,-1.03030940966092
1.92,1.32892882318596
1.9205,-4.24097514649456
1.921,-1.02673573476088
1.9215,0.975537297127337
1.922,1.09713273473841
1.9225,1.94027573258285
1.923,-1.51907165303415
1.9235,1.1366756785912
1.924,-3.46171408562257
1.9245,2.40258154294592
1.925,-0.837802860518811
1.9255,0.128019134514495
1.926,-0.351079141222447
1.9265,-3.96517884597233
1.927,1.2011377759472
1.9275,0.243973515797544
1.928,-0.426916668893406
1.9285,3.27584027768456
1.929,-0.455234804442566
1.9295,-1.61454316519922
1.93,-0.252093449674426
1.9305,1.40685975599534
1.931,2.20021242162823
1.9315,1.16443689542821
1.932,0.969160069197273
1.9325,0.122389463237573
1.933,-1.5734284682625
1.9335,6.62801834941774
1.934,0.631475869028799
1.9345,-0.15576380327213
1.935,-0.896768285867846
1.9355,-1.2522789236024
1.936,-3.00196803918801
1.9365,-3.04447657554533
1.937,-0.812676639492088
1.9375,-2.41455362439296
1.938,-1.54497742590974
1.9385,-0.167436790068662
1.939,0.331347231589599
1.9395,0.103699951418318
1.94,1.24436502503513
1.9405,3.4119754237476
1.941,0.668895716473149
1.9415,0.633248400779359
1.942,-0.355961947347117
1.9425,-0.317545376096138
1.943,-4.08377451490657
1.9435,-1.84918460492571
1.944,1.752841174989
1.9445,0.451830907322009
1.945,0.682108567029508
1.9455,0.642404946896479
1.946,0.657478812571859
1.9465,2.95634550231462
1.947,-0.801912975824041
1.9475,2.89184301095807
1.948,2.05263272092809
1.9485,-3.38534340458568
1.949,-4.30226205548985
1.9495,-0.116801662577551
1.95,-2.95128646743066
1.9505,-2.77579620806281
1.951,0.0785080991663447
1.9515,2.20789669136096
1.952,0.867330159924123
1.9525,-2.06488372626545
1.953,1.71071615362616
1.9535,-0.52347494979837
1.954,-1.2361446004721
1.9545,-2.88658399200563
1.955,-0.0272040908252979
1.9555,2.72116426376846
1.956,3.55895545321452
1.9565,0.750975925027488
1.957,5.519822596911
1.9575,2.63422935503722
1.958,-0.030528380787983
1.9585,1.71979288150353
1.959,2.7104106684646
1.9595,1.28803662133875
1.96,-4.42452348029368
1.9605,1.62246942417606
1.961,3.29359049704373
1.9615,0.053787300359476
1.962,0.643642793783383
1.9625,-0.633959412151094
1.963,3.00633393875743
1.9635,-1.60408340915908
1.964,-2.1583212612345
1.9645,-1.1810142072182
1.965,-1.85011486584411
1.9655,-1.18971013322044
1.966,1.30014486062812
1.9665,1.37381836810551
1.967,-2.16350331806663
1.9675,-0.525353168915951
1.968,2.19359761164723
1.9685,0.508502521535325
1.969,0.0380879687204043
1.9695,-0.435134108538118
1.97,-0.10076877901554
1.9705,0.159719244132767
1.971,2.19031172228083
1.9715,-1.09993379413911
1.972,-0.158951362588552
1.9725,-1.32428713288643
1.973,-0.256649154644219
1.9735,5.47953114025124
1.974,-2.13950936822812
1.9745,2.11778105071319
1.975,0.163046164439647
1.9755,2.01465843251514
1.976,1.99209347532837
1.9765,1.99199586540525
1.977,-0.309720592164937
1.9775,0.523039524813011
1.978,-1.25551271540983
1.9785,1.53561079283642
1.979,0.93707266208597
1.9795,-0.469882135234537
1.98,-1.14151809764487
1.9805,-3.02677721731463
1.981,-2.4282635870681
1.9815,-1.43578706271844
1.982,-0.742463950524429
1.9825,-2.02536526865537
1.983,-3.42419756038919
1.9835,-0.436921134148833
1.984,-1.69054484077576
1.9845,-3.73859483934223
1.985,2.98995838284273
1.9855,-0.633608828431941
1.986,0.137340541697521
1.9865,0.0408608372531325
1.987,0.978971490400659
1.9875,-2.35731831606583
1.988,2.17318784915992
1.9885,-1.96493603892849
1.989,0.457029005128948
1.9895,4.09589036007472
1.99,4.38969121673528
1.9905,-1.03305361415649
1.991,-0.869682270548972
1.9915,-2.3305180669212
1.992,-1.14878800131645
1.9925,0.038261248443859
1.993,3.28547987463904
1.9935,-0.764492552663369
1.994,-0.828853833782281
1.9945,-0.698564106122669
1.995,3.42303301830634
1.9955,-0.370168346511653
1.996,-0.18958645434559
1.9965,-0.0434815225293316
1.997,-0.25784593642415
1.9975,0.525673317559803
1.998,-1.48174888810192
1.9985,-0.918030091092085
1.999,-1.59370985133788
1.9995,5.11851516739867
